,DATE,MODAL
0,2010-01-01,912.0
1,2010-01-02,875.0
2,2010-01-03,812.5
3,2010-01-04,750.0
4,2010-01-05,825.0
5,2010-01-06,800.0
6,2010-01-07,775.0
7,2010-01-08,775.0
8,2010-01-09,708.3333333333335
9,2010-01-10,641.6666666666666
10,2010-01-11,575.0
11,2010-01-12,600.0
12,2010-01-13,725.0
13,2010-01-14,725.0
14,2010-01-15,725.0
15,2010-01-16,750.0
16,2010-01-17,750.0
17,2010-01-18,750.0
18,2010-01-19,725.0
19,2010-01-20,687.5
20,2010-01-21,650.0
21,2010-01-22,712.0
22,2010-01-23,691.3333333333335
23,2010-01-24,670.6666666666666
24,2010-01-25,650.0
25,2010-01-26,637.5
26,2010-01-27,625.0
27,2010-01-28,575.0
28,2010-01-29,550.0
29,2010-01-30,625.0
30,2010-01-31,612.5
31,2010-02-01,600.0
32,2010-02-02,550.0
33,2010-02-03,550.0
34,2010-02-04,550.0
35,2010-02-05,537.0
36,2010-02-06,537.0
37,2010-02-07,531.0
38,2010-02-08,525.0
39,2010-02-09,525.0
40,2010-02-10,512.0
41,2010-02-11,512.0
42,2010-02-12,505.83333333333326
43,2010-02-13,499.66666666666674
44,2010-02-14,493.5
45,2010-02-15,487.33333333333326
46,2010-02-16,481.16666666666674
47,2010-02-17,475.0
48,2010-02-18,475.0
49,2010-02-19,475.0
50,2010-02-20,475.0
51,2010-02-21,475.0
52,2010-02-22,475.0
53,2010-02-23,525.0
54,2010-02-24,487.0
55,2010-02-25,465.0
56,2010-02-26,487.0
57,2010-02-27,484.0
58,2010-02-28,481.0
59,2010-03-01,478.0
60,2010-03-02,475.0
61,2010-03-03,475.0
62,2010-03-04,487.0
63,2010-03-05,512.0
64,2010-03-06,487.0
65,2010-03-07,499.5
66,2010-03-08,512.0
67,2010-03-09,512.0
68,2010-03-10,512.0
69,2010-03-11,512.0
70,2010-03-12,512.0
71,2010-03-13,533.0
72,2010-03-14,554.0
73,2010-03-15,575.0
74,2010-03-16,525.0
75,2010-03-17,518.5
76,2010-03-18,512.0
77,2010-03-19,487.0
78,2010-03-20,487.0
79,2010-03-21,487.0
80,2010-03-22,487.0
81,2010-03-23,512.0
82,2010-03-24,524.5
83,2010-03-25,537.0
84,2010-03-26,600.0
85,2010-03-27,600.0
86,2010-03-28,612.5
87,2010-03-29,625.0
88,2010-03-30,587.0
89,2010-03-31,618.5
90,2010-04-01,650.0
91,2010-04-02,637.0
92,2010-04-03,625.0
93,2010-04-04,637.5
94,2010-04-05,650.0
95,2010-04-06,600.0
96,2010-04-07,675.0
97,2010-04-08,600.0
98,2010-04-09,650.0
99,2010-04-10,625.0
100,2010-04-11,633.3333333333334
101,2010-04-12,641.6666666666666
102,2010-04-13,650.0
103,2010-04-14,675.0
104,2010-04-15,650.0
105,2010-04-16,650.0
106,2010-04-17,650.0
107,2010-04-18,637.5
108,2010-04-19,625.0
109,2010-04-20,650.0
110,2010-04-21,650.0
111,2010-04-22,650.0
112,2010-04-23,650.0
113,2010-04-24,645.6666666666666
114,2010-04-25,641.3333333333334
115,2010-04-26,637.0
116,2010-04-27,575.0
117,2010-04-28,575.0
118,2010-04-29,625.0
119,2010-04-30,625.0
120,2010-05-01,620.6666666666666
121,2010-05-02,616.3333333333334
122,2010-05-03,612.0
123,2010-05-04,612.0
124,2010-05-05,600.0
125,2010-05-06,625.0
126,2010-05-07,600.0
127,2010-05-08,600.0
128,2010-05-09,600.0
129,2010-05-10,600.0
130,2010-05-11,575.0
131,2010-05-12,587.0
132,2010-05-13,587.0
133,2010-05-14,575.0
134,2010-05-15,600.0
135,2010-05-16,587.5
136,2010-05-17,575.0
137,2010-05-18,568.5
138,2010-05-19,562.0
139,2010-05-20,562.0
140,2010-05-21,575.0
141,2010-05-22,570.6666666666666
142,2010-05-23,566.3333333333334
143,2010-05-24,562.0
144,2010-05-25,600.0
145,2010-05-26,581.0
146,2010-05-27,562.0
147,2010-05-28,600.0
148,2010-05-29,625.0
149,2010-05-30,593.5
150,2010-05-31,562.0
151,2010-06-01,562.0
152,2010-06-02,587.0
153,2010-06-03,587.0
154,2010-06-04,587.0
155,2010-06-05,600.0
156,2010-06-06,631.0
157,2010-06-07,662.0
158,2010-06-08,587.0
159,2010-06-09,624.5
160,2010-06-10,662.0
161,2010-06-11,600.0
162,2010-06-12,600.0
163,2010-06-13,600.0
164,2010-06-14,600.0
165,2010-06-15,575.0
166,2010-06-16,600.0
167,2010-06-17,600.0
168,2010-06-18,600.0
169,2010-06-19,600.0
170,2010-06-20,600.0
171,2010-06-21,600.0
172,2010-06-22,612.0
173,2010-06-23,587.0
174,2010-06-24,600.0
175,2010-06-25,600.0
176,2010-06-26,608.3333333333334
177,2010-06-27,616.6666666666666
178,2010-06-28,625.0
179,2010-06-29,575.0
180,2010-06-30,575.0
181,2010-07-01,600.0
182,2010-07-02,575.0
183,2010-07-03,612.0
184,2010-07-04,599.5
185,2010-07-05,587.0
186,2010-07-06,600.0
187,2010-07-07,600.0
188,2010-07-08,612.0
189,2010-07-09,575.0
190,2010-07-10,575.0
191,2010-07-11,575.0
192,2010-07-12,575.0
193,2010-07-13,575.0
194,2010-07-14,575.0
195,2010-07-15,562.0
196,2010-07-16,562.0
197,2010-07-17,525.0
198,2010-07-18,543.5
199,2010-07-19,562.0
200,2010-07-20,537.0
201,2010-07-21,537.0
202,2010-07-22,575.0
203,2010-07-23,537.0
204,2010-07-24,537.0
205,2010-07-25,537.0
206,2010-07-26,537.0
207,2010-07-27,533.4285714285714
208,2010-07-28,529.8571428571429
209,2010-07-29,526.2857142857143
210,2010-07-30,522.7142857142857
211,2010-07-31,519.1428571428571
212,2010-08-01,515.5714285714286
213,2010-08-02,512.0
214,2010-08-03,487.0
215,2010-08-04,525.0
216,2010-08-05,487.0
217,2010-08-06,500.0
218,2010-08-07,487.0
219,2010-08-08,493.5
220,2010-08-09,500.0
221,2010-08-10,493.5
222,2010-08-11,487.0
223,2010-08-12,525.0
224,2010-08-13,525.0
225,2010-08-14,516.6666666666666
226,2010-08-15,508.33333333333326
227,2010-08-16,500.0
228,2010-08-17,487.0
229,2010-08-18,550.0
230,2010-08-19,450.0
231,2010-08-20,458.75
232,2010-08-21,467.5
233,2010-08-22,476.25
234,2010-08-23,485.0
235,2010-08-24,486.0
236,2010-08-25,487.0
237,2010-08-26,500.0
238,2010-08-27,487.0
239,2010-08-28,491.33333333333326
240,2010-08-29,495.66666666666674
241,2010-08-30,500.0
242,2010-08-31,525.0
243,2010-09-01,575.0
244,2010-09-02,568.5
245,2010-09-03,562.0
246,2010-09-04,587.0
247,2010-09-05,568.5
248,2010-09-06,550.0
249,2010-09-07,550.0
250,2010-09-08,550.0
251,2010-09-09,725.0
252,2010-09-10,550.0
253,2010-09-11,554.0
254,2010-09-12,558.0
255,2010-09-13,562.0
256,2010-09-14,562.0
257,2010-09-15,600.0
258,2010-09-16,587.0
259,2010-09-17,587.0
260,2010-09-18,650.0
261,2010-09-19,641.6666666666666
262,2010-09-20,633.3333333333334
263,2010-09-21,625.0
264,2010-09-22,616.6666666666666
265,2010-09-23,608.3333333333334
266,2010-09-24,600.0
267,2010-09-25,629.0
268,2010-09-26,658.0
269,2010-09-27,687.0
270,2010-09-28,687.0
271,2010-09-29,712.0
272,2010-09-30,700.0
273,2010-10-01,725.0
274,2010-10-02,716.6666666666665
275,2010-10-03,708.3333333333335
276,2010-10-04,700.0
277,2010-10-05,700.0
278,2010-10-06,675.0
279,2010-10-07,700.0
280,2010-10-08,701.85
281,2010-10-09,703.7
282,2010-10-10,705.55
283,2010-10-11,707.4
284,2010-10-12,709.25
285,2010-10-13,711.1
286,2010-10-14,712.95
287,2010-10-15,714.8
288,2010-10-16,716.65
289,2010-10-17,718.5
290,2010-10-18,720.35
291,2010-10-19,722.2
292,2010-10-20,724.05
293,2010-10-21,725.9
294,2010-10-22,727.75
295,2010-10-23,729.6
296,2010-10-24,731.45
297,2010-10-25,733.3
298,2010-10-26,735.15
299,2010-10-27,737.0
300,2010-10-28,687.0
301,2010-10-29,700.0
302,2010-10-30,700.0
303,2010-10-31,687.5
304,2010-11-01,675.0
305,2010-11-02,675.0
306,2010-11-03,725.0
307,2010-11-04,775.0
308,2010-11-05,787.5
309,2010-11-06,800.0
310,2010-11-07,812.5
311,2010-11-08,825.0
312,2010-11-09,825.0
313,2010-11-10,825.0
314,2010-11-11,850.0
315,2010-11-12,825.0
316,2010-11-13,808.3333333333335
317,2010-11-14,791.6666666666665
318,2010-11-15,775.0
319,2010-11-16,750.0
320,2010-11-17,837.0
321,2010-11-18,950.0
322,2010-11-19,1062.0
323,2010-11-20,1058.0
324,2010-11-21,1054.0
325,2010-11-22,1050.0
326,2010-11-23,1050.0
327,2010-11-24,1062.0
328,2010-11-25,1050.0
329,2010-11-26,1000.0
330,2010-11-27,987.0
331,2010-11-28,962.0
332,2010-11-29,937.0
333,2010-11-30,924.5
334,2010-12-01,912.0
335,2010-12-02,900.0
336,2010-12-03,1000.0
337,2010-12-04,900.0
338,2010-12-05,900.0
339,2010-12-06,900.0
340,2010-12-07,900.0
341,2010-12-08,900.0
342,2010-12-09,900.0
343,2010-12-10,837.0
344,2010-12-11,816.3333333333335
345,2010-12-12,795.6666666666665
346,2010-12-13,775.0
347,2010-12-14,750.0
348,2010-12-15,750.0
349,2010-12-16,750.0
350,2010-12-17,750.0
351,2010-12-18,750.0
352,2010-12-19,750.0
353,2010-12-20,750.0
354,2010-12-21,750.0
355,2010-12-22,750.0
356,2010-12-23,775.0
357,2010-12-24,875.0
358,2010-12-25,875.0
359,2010-12-26,875.0
360,2010-12-27,875.0
361,2010-12-28,875.0
362,2010-12-29,800.0
363,2010-12-30,816.6666666666665
364,2010-12-31,833.3333333333335
365,2011-01-01,850.0
366,2011-01-02,756.0
367,2011-01-03,662.0
368,2011-01-04,662.0
369,2011-01-05,675.0
370,2011-01-06,700.0
371,2011-01-07,687.0
372,2011-01-08,658.0
373,2011-01-09,629.0
374,2011-01-10,600.0
375,2011-01-11,600.0
376,2011-01-12,587.0
377,2011-01-13,612.0
378,2011-01-14,612.0
379,2011-01-15,612.0
380,2011-01-16,631.0
381,2011-01-17,650.0
382,2011-01-18,575.0
383,2011-01-19,575.0
384,2011-01-20,525.0
385,2011-01-21,550.0
386,2011-01-22,537.0
387,2011-01-23,524.5
388,2011-01-24,512.0
389,2011-01-25,550.0
390,2011-01-26,531.0
391,2011-01-27,512.0
392,2011-01-28,512.0
393,2011-01-29,537.0
394,2011-01-30,518.5
395,2011-01-31,500.0
396,2011-02-01,525.0
397,2011-02-02,500.0
398,2011-02-03,500.0
399,2011-02-04,500.0
400,2011-02-05,506.25
401,2011-02-06,512.5
402,2011-02-07,518.75
403,2011-02-08,525.0
404,2011-02-09,500.0
405,2011-02-10,500.0
406,2011-02-11,512.5
407,2011-02-12,525.0
408,2011-02-13,537.5
409,2011-02-14,550.0
410,2011-02-15,550.0
411,2011-02-16,550.0
412,2011-02-17,550.0
413,2011-02-18,575.0
414,2011-02-19,550.0
415,2011-02-20,562.3333333333334
416,2011-02-21,574.6666666666666
417,2011-02-22,587.0
418,2011-02-23,587.0
419,2011-02-24,574.6666666666666
420,2011-02-25,562.3333333333334
421,2011-02-26,550.0
422,2011-02-27,550.0
423,2011-02-28,550.0
424,2011-03-01,575.0
425,2011-03-02,600.0
426,2011-03-03,625.0
427,2011-03-04,575.0
428,2011-03-05,600.0
429,2011-03-06,600.0
430,2011-03-07,600.0
431,2011-03-08,600.0
432,2011-03-09,550.0
433,2011-03-10,575.0
434,2011-03-11,587.5
435,2011-03-12,600.0
436,2011-03-13,591.6666666666666
437,2011-03-14,583.3333333333334
438,2011-03-15,575.0
439,2011-03-16,575.0
440,2011-03-17,525.0
441,2011-03-18,600.0
442,2011-03-19,625.0
443,2011-03-20,612.5
444,2011-03-21,600.0
445,2011-03-22,600.0
446,2011-03-23,575.0
447,2011-03-24,550.0
448,2011-03-25,500.0
449,2011-03-26,500.0
450,2011-03-27,500.0
451,2011-03-28,500.0
452,2011-03-29,500.0
453,2011-03-30,500.0
454,2011-03-31,500.0
455,2011-04-01,500.0
456,2011-04-02,525.0
457,2011-04-03,525.0
458,2011-04-04,525.0
459,2011-04-05,600.0
460,2011-04-06,600.0
461,2011-04-07,650.0
462,2011-04-08,600.0
463,2011-04-09,600.0
464,2011-04-10,600.0
465,2011-04-11,600.0
466,2011-04-12,600.0
467,2011-04-13,600.0
468,2011-04-14,605.0
469,2011-04-15,610.0
470,2011-04-16,615.0
471,2011-04-17,620.0
472,2011-04-18,625.0
473,2011-04-19,625.0
474,2011-04-20,612.5
475,2011-04-21,600.0
476,2011-04-22,600.0
477,2011-04-23,550.0
478,2011-04-24,600.0
479,2011-04-25,650.0
480,2011-04-26,675.0
481,2011-04-27,600.0
482,2011-04-28,575.0
483,2011-04-29,625.0
484,2011-04-30,650.0
485,2011-05-01,625.0
486,2011-05-02,600.0
487,2011-05-03,625.0
488,2011-05-04,663.0
489,2011-05-05,625.0
490,2011-05-06,625.0
491,2011-05-07,650.0
492,2011-05-08,637.5
493,2011-05-09,625.0
494,2011-05-10,650.0
495,2011-05-11,625.0
496,2011-05-12,625.0
497,2011-05-13,625.0
498,2011-05-14,600.0
499,2011-05-15,612.5
500,2011-05-16,625.0
501,2011-05-17,637.5
502,2011-05-18,650.0
503,2011-05-19,625.0
504,2011-05-20,650.0
505,2011-05-21,641.6666666666666
506,2011-05-22,633.3333333333334
507,2011-05-23,625.0
508,2011-05-24,775.0
509,2011-05-25,675.0
510,2011-05-26,700.0
511,2011-05-27,675.0
512,2011-05-28,675.0
513,2011-05-29,675.0
514,2011-05-30,675.0
515,2011-05-31,600.0
516,2011-06-01,650.0
517,2011-06-02,625.0
518,2011-06-03,625.0
519,2011-06-04,650.0
520,2011-06-05,637.5
521,2011-06-06,625.0
522,2011-06-07,625.0
523,2011-06-08,625.0
524,2011-06-09,600.0
525,2011-06-10,650.0
526,2011-06-11,625.0
527,2011-06-12,625.0
528,2011-06-13,625.0
529,2011-06-14,600.0
530,2011-06-15,650.0
531,2011-06-16,625.0
532,2011-06-17,675.0
533,2011-06-18,650.0
534,2011-06-19,637.5
535,2011-06-20,625.0
536,2011-06-21,675.0
537,2011-06-22,675.0
538,2011-06-23,650.0
539,2011-06-24,650.0
540,2011-06-25,658.3333333333334
541,2011-06-26,666.6666666666666
542,2011-06-27,675.0
543,2011-06-28,700.0
544,2011-06-29,700.0
545,2011-06-30,675.0
546,2011-07-01,650.0
547,2011-07-02,625.0
548,2011-07-03,633.3333333333334
549,2011-07-04,641.6666666666666
550,2011-07-05,650.0
551,2011-07-06,625.0
552,2011-07-07,675.0
553,2011-07-08,650.0
554,2011-07-09,650.0
555,2011-07-10,737.5
556,2011-07-11,825.0
557,2011-07-12,650.0
558,2011-07-13,675.0
559,2011-07-14,675.0
560,2011-07-15,650.0
561,2011-07-16,675.0
562,2011-07-17,650.0
563,2011-07-18,625.0
564,2011-07-19,625.0
565,2011-07-20,625.0
566,2011-07-21,600.0
567,2011-07-22,625.0
568,2011-07-23,625.0
569,2011-07-24,625.0
570,2011-07-25,625.0
571,2011-07-26,600.0
572,2011-07-27,625.0
573,2011-07-28,625.0
574,2011-07-29,625.0
575,2011-07-30,600.0
576,2011-07-31,612.5
577,2011-08-01,625.0
578,2011-08-02,650.0
579,2011-08-03,637.5
580,2011-08-04,625.0
581,2011-08-05,600.0
582,2011-08-06,600.0
583,2011-08-07,625.0
584,2011-08-08,650.0
585,2011-08-09,625.0
586,2011-08-10,600.0
587,2011-08-11,600.0
588,2011-08-12,600.0
589,2011-08-13,612.5
590,2011-08-14,625.0
591,2011-08-15,637.5
592,2011-08-16,650.0
593,2011-08-17,650.0
594,2011-08-18,700.0
595,2011-08-19,675.0
596,2011-08-20,650.0
597,2011-08-21,645.0
598,2011-08-22,640.0
599,2011-08-23,635.0
600,2011-08-24,630.0
601,2011-08-25,625.0
602,2011-08-26,625.0
603,2011-08-27,625.0
604,2011-08-28,625.0
605,2011-08-29,625.0
606,2011-08-30,625.0
607,2011-08-31,625.0
608,2011-09-01,625.0
609,2011-09-02,625.0
610,2011-09-03,625.0
611,2011-09-04,625.0
612,2011-09-05,625.0
613,2011-09-06,663.0
614,2011-09-07,650.0
615,2011-09-08,625.0
616,2011-09-09,600.0
617,2011-09-10,613.0
618,2011-09-11,619.0
619,2011-09-12,625.0
620,2011-09-13,625.0
621,2011-09-14,587.5
622,2011-09-15,550.0
623,2011-09-16,550.0
624,2011-09-17,550.0
625,2011-09-18,625.0
626,2011-09-19,700.0
627,2011-09-20,625.0
628,2011-09-21,587.5
629,2011-09-22,550.0
630,2011-09-23,550.0
631,2011-09-24,450.0
632,2011-09-25,500.0
633,2011-09-26,550.0
634,2011-09-27,562.5
635,2011-09-28,575.0
636,2011-09-29,587.5
637,2011-09-30,600.0
638,2011-10-01,625.0
639,2011-10-02,587.5
640,2011-10-03,550.0
641,2011-10-04,525.0
642,2011-10-05,516.6666666666666
643,2011-10-06,508.33333333333326
644,2011-10-07,500.0
645,2011-10-08,500.0
646,2011-10-09,500.0
647,2011-10-10,500.0
648,2011-10-11,500.0
649,2011-10-12,450.0
650,2011-10-13,475.0
651,2011-10-14,450.0
652,2011-10-15,458.33333333333326
653,2011-10-16,466.66666666666674
654,2011-10-17,475.0
655,2011-10-18,483.33333333333326
656,2011-10-19,491.66666666666674
657,2011-10-20,500.0
658,2011-10-21,500.0
659,2011-10-22,500.0
660,2011-10-23,500.0
661,2011-10-24,500.0
662,2011-10-25,500.0
663,2011-10-26,500.0
664,2011-10-27,500.0
665,2011-10-28,500.0
666,2011-10-29,500.0
667,2011-10-30,500.0
668,2011-10-31,500.0
669,2011-11-01,500.0
670,2011-11-02,500.0
671,2011-11-03,500.0
672,2011-11-04,500.0
673,2011-11-05,500.0
674,2011-11-06,500.0
675,2011-11-07,500.0
676,2011-11-08,500.0
677,2011-11-09,500.0
678,2011-11-10,500.0
679,2011-11-11,500.0
680,2011-11-12,500.0
681,2011-11-13,500.0
682,2011-11-14,500.0
683,2011-11-15,500.0
684,2011-11-16,450.0
685,2011-11-17,475.0
686,2011-11-18,400.0
687,2011-11-19,425.0
688,2011-11-20,400.0
689,2011-11-21,375.0
690,2011-11-22,400.0
691,2011-11-23,450.0
692,2011-11-24,500.0
693,2011-11-25,400.0
694,2011-11-26,425.0
695,2011-11-27,462.5
696,2011-11-28,500.0
697,2011-11-29,500.0
698,2011-11-30,450.0
699,2011-12-01,450.0
700,2011-12-02,450.0
701,2011-12-03,325.0
702,2011-12-04,312.5
703,2011-12-05,300.0
704,2011-12-06,375.0
705,2011-12-07,375.0
706,2011-12-08,375.0
707,2011-12-09,325.0
708,2011-12-10,300.0
709,2011-12-11,316.6666666666667
710,2011-12-12,333.3333333333333
711,2011-12-13,350.0
712,2011-12-14,375.0
713,2011-12-15,400.0
714,2011-12-16,375.0
715,2011-12-17,450.0
716,2011-12-18,450.0
717,2011-12-19,450.0
718,2011-12-20,475.0
719,2011-12-21,500.0
720,2011-12-22,400.0
721,2011-12-23,375.0
722,2011-12-24,350.0
723,2011-12-25,350.0
724,2011-12-26,350.0
725,2011-12-27,350.0
726,2011-12-28,350.0
727,2011-12-29,350.0
728,2011-12-30,325.0
729,2011-12-31,400.0
730,2012-01-01,407.1428571428572
731,2012-01-02,414.28571428571433
732,2012-01-03,421.4285714285714
733,2012-01-04,428.57142857142856
734,2012-01-05,435.71428571428567
735,2012-01-06,442.8571428571429
736,2012-01-07,450.0
737,2012-01-08,425.0
738,2012-01-09,400.0
739,2012-01-10,550.0
740,2012-01-11,500.0
741,2012-01-12,550.0
742,2012-01-13,500.0
743,2012-01-14,525.0
744,2012-01-15,550.0
745,2012-01-16,575.0
746,2012-01-17,550.0
747,2012-01-18,500.0
748,2012-01-19,625.0
749,2012-01-20,550.0
750,2012-01-21,500.0
751,2012-01-22,500.0
752,2012-01-23,500.0
753,2012-01-24,500.0
754,2012-01-25,500.0
755,2012-01-26,500.0
756,2012-01-27,500.0
757,2012-01-28,500.0
758,2012-01-29,500.0
759,2012-01-30,500.0
760,2012-01-31,500.0
761,2012-02-01,450.0
762,2012-02-02,475.0
763,2012-02-03,500.0
764,2012-02-04,500.0
765,2012-02-05,487.5
766,2012-02-06,475.0
767,2012-02-07,450.0
768,2012-02-08,450.0
769,2012-02-09,450.0
770,2012-02-10,475.0
771,2012-02-11,400.0
772,2012-02-12,425.0
773,2012-02-13,450.0
774,2012-02-14,450.0
775,2012-02-15,450.0
776,2012-02-16,450.0
777,2012-02-17,425.0
778,2012-02-18,450.0
779,2012-02-19,445.0
780,2012-02-20,440.0
781,2012-02-21,435.0
782,2012-02-22,430.0
783,2012-02-23,425.0
784,2012-02-24,450.0
785,2012-02-25,425.0
786,2012-02-26,425.0
787,2012-02-27,425.0
788,2012-02-28,425.0
789,2012-02-29,450.0
790,2012-03-01,437.5
791,2012-03-02,425.0
792,2012-03-03,425.0
793,2012-03-04,462.5
794,2012-03-05,500.0
795,2012-03-06,500.0
796,2012-03-07,500.0
797,2012-03-08,525.0
798,2012-03-09,550.0
799,2012-03-10,500.0
800,2012-03-11,512.5
801,2012-03-12,525.0
802,2012-03-13,537.5
803,2012-03-14,550.0
804,2012-03-15,562.5
805,2012-03-16,575.0
806,2012-03-17,587.5
807,2012-03-18,600.0
808,2012-03-19,612.5
809,2012-03-20,625.0
810,2012-03-21,637.5
811,2012-03-22,650.0
812,2012-03-23,625.0
813,2012-03-24,650.0
814,2012-03-25,675.0
815,2012-03-26,700.0
816,2012-03-27,650.0
817,2012-03-28,700.0
818,2012-03-29,800.0
819,2012-03-30,750.0
820,2012-03-31,800.0
821,2012-04-01,800.0
822,2012-04-02,800.0
823,2012-04-03,800.0
824,2012-04-04,900.0
825,2012-04-05,875.0
826,2012-04-06,881.25
827,2012-04-07,887.5
828,2012-04-08,893.75
829,2012-04-09,900.0
830,2012-04-10,875.0
831,2012-04-11,875.0
832,2012-04-12,1000.0
833,2012-04-13,1050.0
834,2012-04-14,1050.0
835,2012-04-15,1050.0
836,2012-04-16,1050.0
837,2012-04-17,1050.0
838,2012-04-18,1000.0
839,2012-04-19,1000.0
840,2012-04-20,1000.0
841,2012-04-21,1000.0
842,2012-04-22,975.0
843,2012-04-23,950.0
844,2012-04-24,950.0
845,2012-04-25,900.0
846,2012-04-26,950.0
847,2012-04-27,950.0
848,2012-04-28,1000.0
849,2012-04-29,1000.0
850,2012-04-30,1000.0
851,2012-05-01,950.0
852,2012-05-02,900.0
853,2012-05-03,925.0
854,2012-05-04,950.0
855,2012-05-05,1000.0
856,2012-05-06,1000.0
857,2012-05-07,1000.0
858,2012-05-08,1000.0
859,2012-05-09,1000.0
860,2012-05-10,1000.0
861,2012-05-11,975.0
862,2012-05-12,950.0
863,2012-05-13,950.0
864,2012-05-14,950.0
865,2012-05-15,950.0
866,2012-05-16,950.0
867,2012-05-17,950.0
868,2012-05-18,900.0
869,2012-05-19,925.0
870,2012-05-20,933.3333333333335
871,2012-05-21,941.6666666666665
872,2012-05-22,950.0
873,2012-05-23,950.0
874,2012-05-24,900.0
875,2012-05-25,950.0
876,2012-05-26,975.0
877,2012-05-27,975.0
878,2012-05-28,975.0
879,2012-05-29,975.0
880,2012-05-30,950.0
881,2012-05-31,1000.0
882,2012-06-01,1000.0
883,2012-06-02,1000.0
884,2012-06-03,1025.0
885,2012-06-04,1050.0
886,2012-06-05,1050.0
887,2012-06-06,1050.0
888,2012-06-07,1075.0
889,2012-06-08,1088.0
890,2012-06-09,1075.0
891,2012-06-10,1100.0
892,2012-06-11,1125.0
893,2012-06-12,1125.0
894,2012-06-13,1100.0
895,2012-06-14,1100.0
896,2012-06-15,1150.0
897,2012-06-16,1150.0
898,2012-06-17,1150.0
899,2012-06-18,1150.0
900,2012-06-19,1150.0
901,2012-06-20,1050.0
902,2012-06-21,1050.0
903,2012-06-22,1050.0
904,2012-06-23,1100.0
905,2012-06-24,1150.0
906,2012-06-25,1200.0
907,2012-06-26,1200.0
908,2012-06-27,1125.0
909,2012-06-28,1125.0
910,2012-06-29,1150.0
911,2012-06-30,1150.0
912,2012-07-01,1125.0
913,2012-07-02,1100.0
914,2012-07-03,1150.0
915,2012-07-04,1200.0
916,2012-07-05,1275.0
917,2012-07-06,1275.0
918,2012-07-07,1200.0
919,2012-07-08,1200.0
920,2012-07-09,1200.0
921,2012-07-10,1150.0
922,2012-07-11,1200.0
923,2012-07-12,1250.0
924,2012-07-13,1250.0
925,2012-07-14,1250.0
926,2012-07-15,1250.0
927,2012-07-16,1250.0
928,2012-07-17,1225.0
929,2012-07-18,1175.0
930,2012-07-19,1250.0
931,2012-07-20,1225.0
932,2012-07-21,1233.3333333333333
933,2012-07-22,1241.6666666666667
934,2012-07-23,1250.0
935,2012-07-24,1250.0
936,2012-07-25,1250.0
937,2012-07-26,1250.0
938,2012-07-27,1300.0
939,2012-07-28,1275.0
940,2012-07-29,1250.0
941,2012-07-30,1225.0
942,2012-07-31,1200.0
943,2012-08-01,1208.3333333333333
944,2012-08-02,1216.6666666666667
945,2012-08-03,1225.0
946,2012-08-04,1200.0
947,2012-08-05,1225.0
948,2012-08-06,1250.0
949,2012-08-07,1250.0
950,2012-08-08,1250.0
951,2012-08-09,1250.0
952,2012-08-10,1300.0
953,2012-08-11,1350.0
954,2012-08-12,1325.0
955,2012-08-13,1300.0
956,2012-08-14,1250.0
957,2012-08-15,1250.0
958,2012-08-16,1250.0
959,2012-08-17,1250.0
960,2012-08-18,1250.0
961,2012-08-19,1233.3333333333333
962,2012-08-20,1216.6666666666667
963,2012-08-21,1200.0
964,2012-08-22,1250.0
965,2012-08-23,1250.0
966,2012-08-24,1200.0
967,2012-08-25,1250.0
968,2012-08-26,1212.5
969,2012-08-27,1175.0
970,2012-08-28,1150.0
971,2012-08-29,1200.0
972,2012-08-30,1200.0
973,2012-08-31,1150.0
974,2012-09-01,1100.0
975,2012-09-02,1137.5
976,2012-09-03,1175.0
977,2012-09-04,1150.0
978,2012-09-05,1175.0
979,2012-09-06,1188.0
980,2012-09-07,1250.0
981,2012-09-08,1300.0
982,2012-09-09,1275.0
983,2012-09-10,1250.0
984,2012-09-11,1225.0
985,2012-09-12,1200.0
986,2012-09-13,1150.0
987,2012-09-14,1150.0
988,2012-09-15,1158.3333333333333
989,2012-09-16,1166.6666666666667
990,2012-09-17,1175.0
991,2012-09-18,1175.0
992,2012-09-19,1187.5
993,2012-09-20,1200.0
994,2012-09-21,1200.0
995,2012-09-22,1216.6666666666667
996,2012-09-23,1233.3333333333333
997,2012-09-24,1250.0
998,2012-09-25,1200.0
999,2012-09-26,1150.0
1000,2012-09-27,1175.0
1001,2012-09-28,1150.0
1002,2012-09-29,1166.6666666666667
1003,2012-09-30,1183.3333333333333
1004,2012-10-01,1200.0
1005,2012-10-02,1150.0
1006,2012-10-03,1100.0
1007,2012-10-04,1100.0
1008,2012-10-05,1050.0
1009,2012-10-06,1050.0
1010,2012-10-07,1062.5
1011,2012-10-08,1075.0
1012,2012-10-09,1100.0
1013,2012-10-10,1075.0
1014,2012-10-11,1050.0
1015,2012-10-12,1050.0
1016,2012-10-13,1050.0
1017,2012-10-14,1050.0
1018,2012-10-15,1050.0
1019,2012-10-16,1050.0
1020,2012-10-17,1100.0
1021,2012-10-18,1100.0
1022,2012-10-19,1075.0
1023,2012-10-20,1050.0
1024,2012-10-21,1075.0
1025,2012-10-22,1100.0
1026,2012-10-23,1100.0
1027,2012-10-24,1137.5
1028,2012-10-25,1175.0
1029,2012-10-26,1150.0
1030,2012-10-27,1150.0
1031,2012-10-28,1187.5
1032,2012-10-29,1225.0
1033,2012-10-30,1212.5
1034,2012-10-31,1200.0
1035,2012-11-01,1187.5
1036,2012-11-02,1175.0
1037,2012-11-03,1162.5
1038,2012-11-04,1150.0
1039,2012-11-05,1137.5
1040,2012-11-06,1125.0
1041,2012-11-07,1125.0
1042,2012-11-08,1125.0
1043,2012-11-09,1100.0
1044,2012-11-10,1000.0
1045,2012-11-11,1025.0
1046,2012-11-12,1050.0
1047,2012-11-13,1068.75
1048,2012-11-14,1087.5
1049,2012-11-15,1106.25
1050,2012-11-16,1125.0
1051,2012-11-17,1150.0
1052,2012-11-18,1130.5555555555557
1053,2012-11-19,1111.111111111111
1054,2012-11-20,1091.6666666666667
1055,2012-11-21,1072.2222222222224
1056,2012-11-22,1052.7777777777776
1057,2012-11-23,1033.3333333333333
1058,2012-11-24,1013.8888888888887
1059,2012-11-25,994.4444444444445
1060,2012-11-26,975.0
1061,2012-11-27,950.0
1062,2012-11-28,1000.0
1063,2012-11-29,950.0
1064,2012-11-30,1000.0
1065,2012-12-01,950.0
1066,2012-12-02,950.0
1067,2012-12-03,950.0
1068,2012-12-04,1000.0
1069,2012-12-05,950.0
1070,2012-12-06,950.0
1071,2012-12-07,950.0
1072,2012-12-08,950.0
1073,2012-12-09,950.0
1074,2012-12-10,950.0
1075,2012-12-11,950.0
1076,2012-12-12,950.0
1077,2012-12-13,950.0
1078,2012-12-14,950.0
1079,2012-12-15,950.0
1080,2012-12-16,950.0
1081,2012-12-17,950.0
1082,2012-12-18,950.0
1083,2012-12-19,1000.0
1084,2012-12-20,1000.0
1085,2012-12-21,950.0
1086,2012-12-22,900.0
1087,2012-12-23,900.0
1088,2012-12-24,900.0
1089,2012-12-25,915.0
1090,2012-12-26,930.0
1091,2012-12-27,945.0
1092,2012-12-28,960.0
1093,2012-12-29,975.0
1094,2012-12-30,1012.5
1095,2012-12-31,1050.0
1096,2013-01-01,1075.0
1097,2013-01-02,1100.0
1098,2013-01-03,1100.0
1099,2013-01-04,1100.0
1100,2013-01-05,1050.0
1101,2013-01-06,1050.0
1102,2013-01-07,1050.0
1103,2013-01-08,1050.0
1104,2013-01-09,1000.0
1105,2013-01-10,1000.0
1106,2013-01-11,1125.0
1107,2013-01-12,1250.0
1108,2013-01-13,1300.0
1109,2013-01-14,1350.0
1110,2013-01-15,1400.0
1111,2013-01-16,1300.0
1112,2013-01-17,1200.0
1113,2013-01-18,1200.0
1114,2013-01-19,1250.0
1115,2013-01-20,1133.3333333333333
1116,2013-01-21,1016.6666666666665
1117,2013-01-22,900.0
1118,2013-01-23,850.0
1119,2013-01-24,841.6666666666665
1120,2013-01-25,833.3333333333335
1121,2013-01-26,825.0
1122,2013-01-27,816.6666666666665
1123,2013-01-28,808.3333333333335
1124,2013-01-29,800.0
1125,2013-01-30,800.0
1126,2013-01-31,900.0
1127,2013-02-01,900.0
1128,2013-02-02,900.0
1129,2013-02-03,900.0
1130,2013-02-04,900.0
1131,2013-02-05,900.0
1132,2013-02-06,850.0
1133,2013-02-07,813.0
1134,2013-02-08,750.0
1135,2013-02-09,750.0
1136,2013-02-10,733.3333333333335
1137,2013-02-11,716.6666666666665
1138,2013-02-12,700.0
1139,2013-02-13,675.0
1140,2013-02-14,675.0
1141,2013-02-15,650.0
1142,2013-02-16,650.0
1143,2013-02-17,650.0
1144,2013-02-18,650.0
1145,2013-02-19,650.0
1146,2013-02-20,625.0
1147,2013-02-21,625.0
1148,2013-02-22,625.0
1149,2013-02-23,625.0
1150,2013-02-24,633.3333333333334
1151,2013-02-25,641.6666666666666
1152,2013-02-26,650.0
1153,2013-02-27,650.0
1154,2013-02-28,650.0
1155,2013-03-01,645.0
1156,2013-03-02,640.0
1157,2013-03-03,635.0
1158,2013-03-04,630.0
1159,2013-03-05,625.0
1160,2013-03-06,625.0
1161,2013-03-07,625.0
1162,2013-03-08,625.0
1163,2013-03-09,625.0
1164,2013-03-10,662.5
1165,2013-03-11,700.0
1166,2013-03-12,750.0
1167,2013-03-13,775.0
1168,2013-03-14,800.0
1169,2013-03-15,825.0
1170,2013-03-16,850.0
1171,2013-03-17,875.0
1172,2013-03-18,900.0
1173,2013-03-19,900.0
1174,2013-03-20,950.0
1175,2013-03-21,950.0
1176,2013-03-22,950.0
1177,2013-03-23,900.0
1178,2013-03-24,900.0
1179,2013-03-25,900.0
1180,2013-03-26,1125.0
1181,2013-03-27,1037.5
1182,2013-03-28,950.0
1183,2013-03-29,950.0
1184,2013-03-30,1050.0
1185,2013-03-31,1050.0
1186,2013-04-01,1050.0
1187,2013-04-02,1050.0
1188,2013-04-03,1050.0
1189,2013-04-04,1050.0
1190,2013-04-05,1050.0
1191,2013-04-06,1050.0
1192,2013-04-07,1062.5
1193,2013-04-08,1075.0
1194,2013-04-09,1125.0
1195,2013-04-10,1125.0
1196,2013-04-11,1125.0
1197,2013-04-12,1125.0
1198,2013-04-13,1125.0
1199,2013-04-14,1125.0
1200,2013-04-15,1125.0
1201,2013-04-16,1125.0
1202,2013-04-17,1125.0
1203,2013-04-18,1150.0
1204,2013-04-19,1150.0
1205,2013-04-20,1150.0
1206,2013-04-21,1150.0
1207,2013-04-22,1150.0
1208,2013-04-23,1150.0
1209,2013-04-24,1125.0
1210,2013-04-25,1125.0
1211,2013-04-26,1125.0
1212,2013-04-27,1125.0
1213,2013-04-28,1144.0
1214,2013-04-29,1163.0
1215,2013-04-30,1150.0
1216,2013-05-01,1150.0
1217,2013-05-02,1138.0
1218,2013-05-03,1138.0
1219,2013-05-04,1000.0
1220,2013-05-05,1025.0
1221,2013-05-06,1050.0
1222,2013-05-07,1050.0
1223,2013-05-08,1000.0
1224,2013-05-09,1050.0
1225,2013-05-10,1050.0
1226,2013-05-11,1050.0
1227,2013-05-12,1075.0
1228,2013-05-13,1100.0
1229,2013-05-14,1125.0
1230,2013-05-15,1100.0
1231,2013-05-16,1125.0
1232,2013-05-17,1125.0
1233,2013-05-18,1125.0
1234,2013-05-19,1125.0
1235,2013-05-20,1125.0
1236,2013-05-21,1125.0
1237,2013-05-22,1113.0
1238,2013-05-23,1100.0
1239,2013-05-24,1075.0
1240,2013-05-25,1075.0
1241,2013-05-26,1062.5
1242,2013-05-27,1050.0
1243,2013-05-28,1050.0
1244,2013-05-29,1050.0
1245,2013-05-30,1080.0
1246,2013-05-31,1050.0
1247,2013-06-01,1050.0
1248,2013-06-02,1037.5
1249,2013-06-03,1025.0
1250,2013-06-04,1100.0
1251,2013-06-05,1100.0
1252,2013-06-06,1100.0
1253,2013-06-07,1100.0
1254,2013-06-08,1091.6666666666667
1255,2013-06-09,1083.3333333333333
1256,2013-06-10,1075.0
1257,2013-06-11,1091.6666666666667
1258,2013-06-12,1108.3333333333333
1259,2013-06-13,1125.0
1260,2013-06-14,1125.0
1261,2013-06-15,1125.0
1262,2013-06-16,1087.5
1263,2013-06-17,1050.0
1264,2013-06-18,1050.0
1265,2013-06-19,1050.0
1266,2013-06-20,1056.5
1267,2013-06-21,1063.0
1268,2013-06-22,1050.0
1269,2013-06-23,1050.0
1270,2013-06-24,1050.0
1271,2013-06-25,1000.0
1272,2013-06-26,1000.0
1273,2013-06-27,1000.0
1274,2013-06-28,1000.0
1275,2013-06-29,1000.0
1276,2013-06-30,1000.0
1277,2013-07-01,1000.0
1278,2013-07-02,1000.0
1279,2013-07-03,1000.0
1280,2013-07-04,1000.0
1281,2013-07-05,975.0
1282,2013-07-06,950.0
1283,2013-07-07,975.0
1284,2013-07-08,1000.0
1285,2013-07-09,1000.0
1286,2013-07-10,1000.0
1287,2013-07-11,1050.0
1288,2013-07-12,1075.0
1289,2013-07-13,1075.0
1290,2013-07-14,1075.0
1291,2013-07-15,1075.0
1292,2013-07-16,1000.0
1293,2013-07-17,1000.0
1294,2013-07-18,1000.0
1295,2013-07-19,1000.0
1296,2013-07-20,1000.0
1297,2013-07-21,1000.0
1298,2013-07-22,1000.0
1299,2013-07-23,1000.0
1300,2013-07-24,1000.0
1301,2013-07-25,950.0
1302,2013-07-26,1000.0
1303,2013-07-27,950.0
1304,2013-07-28,1000.0
1305,2013-07-29,1050.0
1306,2013-07-30,1050.0
1307,2013-07-31,1050.0
1308,2013-08-01,1050.0
1309,2013-08-02,1050.0
1310,2013-08-03,1050.0
1311,2013-08-04,1050.0
1312,2013-08-05,1050.0
1313,2013-08-06,1050.0
1314,2013-08-07,1050.0
1315,2013-08-08,1050.0
1316,2013-08-09,1053.25
1317,2013-08-10,1056.5
1318,2013-08-11,1059.75
1319,2013-08-12,1063.0
1320,2013-08-13,1050.0
1321,2013-08-14,1050.0
1322,2013-08-15,1025.0
1323,2013-08-16,1000.0
1324,2013-08-17,1000.0
1325,2013-08-18,1012.5
1326,2013-08-19,1025.0
1327,2013-08-20,1037.5
1328,2013-08-21,1050.0
1329,2013-08-22,1050.0
1330,2013-08-23,1050.0
1331,2013-08-24,1050.0
1332,2013-08-25,1050.0
1333,2013-08-26,1050.0
1334,2013-08-27,1050.0
1335,2013-08-28,1075.0
1336,2013-08-29,1100.0
1337,2013-08-30,1100.0
1338,2013-08-31,1050.0
1339,2013-09-01,1075.0
1340,2013-09-02,1100.0
1341,2013-09-03,1050.0
1342,2013-09-04,1100.0
1343,2013-09-05,1088.0
1344,2013-09-06,1075.0
1345,2013-09-07,1056.25
1346,2013-09-08,1037.5
1347,2013-09-09,1018.75
1348,2013-09-10,1000.0
1349,2013-09-11,1000.0
1350,2013-09-12,1000.0
1351,2013-09-13,1000.0
1352,2013-09-14,1000.0
1353,2013-09-15,1025.0
1354,2013-09-16,1050.0
1355,2013-09-17,1050.0
1356,2013-09-18,1050.0
1357,2013-09-19,1050.0
1358,2013-09-20,1050.0
1359,2013-09-21,1100.0
1360,2013-09-22,1104.1666666666667
1361,2013-09-23,1108.3333333333333
1362,2013-09-24,1112.5
1363,2013-09-25,1116.6666666666667
1364,2013-09-26,1120.8333333333333
1365,2013-09-27,1125.0
1366,2013-09-28,1129.1666666666667
1367,2013-09-29,1133.3333333333333
1368,2013-09-30,1137.5
1369,2013-10-01,1141.6666666666667
1370,2013-10-02,1145.8333333333333
1371,2013-10-03,1150.0
1372,2013-10-04,1150.0
1373,2013-10-05,1150.0
1374,2013-10-06,1125.0
1375,2013-10-07,1100.0
1376,2013-10-08,1100.0
1377,2013-10-09,1175.0
1378,2013-10-10,1250.0
1379,2013-10-11,1250.0
1380,2013-10-12,1241.6666666666667
1381,2013-10-13,1233.3333333333333
1382,2013-10-14,1225.0
1383,2013-10-15,1225.0
1384,2013-10-16,1250.0
1385,2013-10-17,1250.0
1386,2013-10-18,1287.5
1387,2013-10-19,1325.0
1388,2013-10-20,1362.5
1389,2013-10-21,1400.0
1390,2013-10-22,1400.0
1391,2013-10-23,1450.0
1392,2013-10-24,1450.0
1393,2013-10-25,1450.0
1394,2013-10-26,1500.0
1395,2013-10-27,1500.0
1396,2013-10-28,1500.0
1397,2013-10-29,1500.0
1398,2013-10-30,1500.0
1399,2013-10-31,1521.428571428571
1400,2013-11-01,1542.857142857143
1401,2013-11-02,1564.2857142857142
1402,2013-11-03,1585.7142857142858
1403,2013-11-04,1607.142857142857
1404,2013-11-05,1628.5714285714284
1405,2013-11-06,1650.0
1406,2013-11-07,1700.0
1407,2013-11-08,1700.0
1408,2013-11-09,1838.0
1409,2013-11-10,1825.333333333333
1410,2013-11-11,1812.666666666667
1411,2013-11-12,1800.0
1412,2013-11-13,1775.0
1413,2013-11-14,1750.0
1414,2013-11-15,1750.0
1415,2013-11-16,1750.0
1416,2013-11-17,1745.0
1417,2013-11-18,1740.0
1418,2013-11-19,1735.0
1419,2013-11-20,1730.0
1420,2013-11-21,1725.0
1421,2013-11-22,1700.0
1422,2013-11-23,1700.0
1423,2013-11-24,1675.0
1424,2013-11-25,1650.0
1425,2013-11-26,1650.0
1426,2013-11-27,1600.0
1427,2013-11-28,1550.0
1428,2013-11-29,1550.0
1429,2013-11-30,1500.0
1430,2013-12-01,1525.0
1431,2013-12-02,1550.0
1432,2013-12-03,1575.0
1433,2013-12-04,1575.0
1434,2013-12-05,1575.0
1435,2013-12-06,1600.0
1436,2013-12-07,1600.0
1437,2013-12-08,1612.5
1438,2013-12-09,1625.0
1439,2013-12-10,1650.0
1440,2013-12-11,1738.0
1441,2013-12-12,1700.4
1442,2013-12-13,1662.8
1443,2013-12-14,1625.2
1444,2013-12-15,1587.6
1445,2013-12-16,1550.0
1446,2013-12-17,1500.0
1447,2013-12-18,1500.0
1448,2013-12-19,1500.0
1449,2013-12-20,1500.0
1450,2013-12-21,1550.0
1451,2013-12-22,1550.0
1452,2013-12-23,1550.0
1453,2013-12-24,1550.0
1454,2013-12-25,1525.0
1455,2013-12-26,1500.0
1456,2013-12-27,1550.0
1457,2013-12-28,1550.0
1458,2013-12-29,1550.0
1459,2013-12-30,1550.0
1460,2013-12-31,1487.5
1461,2014-01-01,1425.0
1462,2014-01-02,1362.5
1463,2014-01-03,1300.0
1464,2014-01-04,1400.0
1465,2014-01-05,1375.0
1466,2014-01-06,1350.0
1467,2014-01-07,1350.0
1468,2014-01-08,1350.0
1469,2014-01-09,1350.0
1470,2014-01-10,1350.0
1471,2014-01-11,1350.0
1472,2014-01-12,1350.0
1473,2014-01-13,1350.0
1474,2014-01-14,1350.0
1475,2014-01-15,1350.0
1476,2014-01-16,1350.0
1477,2014-01-17,1200.0
1478,2014-01-18,1050.0
1479,2014-01-19,1050.0
1480,2014-01-20,1050.0
1481,2014-01-21,1050.0
1482,2014-01-22,1000.0
1483,2014-01-23,1000.0
1484,2014-01-24,950.0
1485,2014-01-25,950.0
1486,2014-01-26,950.0
1487,2014-01-27,950.0
1488,2014-01-28,900.0
1489,2014-01-29,850.0
1490,2014-01-30,875.0
1491,2014-01-31,875.0
1492,2014-02-01,850.0
1493,2014-02-02,825.0
1494,2014-02-03,800.0
1495,2014-02-04,800.0
1496,2014-02-05,800.0
1497,2014-02-06,800.0
1498,2014-02-07,800.0
1499,2014-02-08,800.0
1500,2014-02-09,800.0
1501,2014-02-10,800.0
1502,2014-02-11,800.0
1503,2014-02-12,800.0
1504,2014-02-13,800.0
1505,2014-02-14,800.0
1506,2014-02-15,750.0
1507,2014-02-16,775.0
1508,2014-02-17,800.0
1509,2014-02-18,800.0
1510,2014-02-19,800.0
1511,2014-02-20,800.0
1512,2014-02-21,800.0
1513,2014-02-22,800.0
1514,2014-02-23,812.5
1515,2014-02-24,825.0
1516,2014-02-25,837.5
1517,2014-02-26,850.0
1518,2014-02-27,900.0
1519,2014-02-28,950.0
1520,2014-03-01,1008.3333333333335
1521,2014-03-02,1066.6666666666667
1522,2014-03-03,1125.0
1523,2014-03-04,1125.0
1524,2014-03-05,1137.5
1525,2014-03-06,1150.0
1526,2014-03-07,1150.0
1527,2014-03-08,1150.0
1528,2014-03-09,1087.5
1529,2014-03-10,1025.0
1530,2014-03-11,1025.0
1531,2014-03-12,1025.0
1532,2014-03-13,975.0
1533,2014-03-14,1000.0
1534,2014-03-15,900.0
1535,2014-03-16,900.0
1536,2014-03-17,900.0
1537,2014-03-18,900.0
1538,2014-03-19,950.0
1539,2014-03-20,950.0
1540,2014-03-21,950.0
1541,2014-03-22,950.0
1542,2014-03-23,950.0
1543,2014-03-24,950.0
1544,2014-03-25,950.0
1545,2014-03-26,950.0
1546,2014-03-27,950.0
1547,2014-03-28,950.0
1548,2014-03-29,950.0
1549,2014-03-30,956.5
1550,2014-03-31,963.0
1551,2014-04-01,956.5
1552,2014-04-02,950.0
1553,2014-04-03,970.0
1554,2014-04-04,990.0
1555,2014-04-05,1010.0
1556,2014-04-06,1030.0
1557,2014-04-07,1050.0
1558,2014-04-08,1070.0
1559,2014-04-09,1090.0
1560,2014-04-10,1110.0
1561,2014-04-11,1130.0
1562,2014-04-12,1150.0
1563,2014-04-13,1170.0
1564,2014-04-14,1190.0
1565,2014-04-15,1210.0
1566,2014-04-16,1230.0
1567,2014-04-17,1250.0
1568,2014-04-18,1250.0
1569,2014-04-19,1275.0
1570,2014-04-20,1275.0
1571,2014-04-21,1275.0
1572,2014-04-22,1350.0
1573,2014-04-23,1356.25
1574,2014-04-24,1362.5
1575,2014-04-25,1368.75
1576,2014-04-26,1375.0
1577,2014-04-27,1412.5
1578,2014-04-28,1450.0
1579,2014-04-29,1450.0
1580,2014-04-30,1466.666666666667
1581,2014-05-01,1483.333333333333
1582,2014-05-02,1500.0
1583,2014-05-03,1500.0
1584,2014-05-04,1500.0
1585,2014-05-05,1500.0
1586,2014-05-06,1500.0
1587,2014-05-07,1500.0
1588,2014-05-08,1500.0
1589,2014-05-09,1500.0
1590,2014-05-10,1500.0
1591,2014-05-11,1500.0
1592,2014-05-12,1500.0
1593,2014-05-13,1500.0
1594,2014-05-14,1500.0
1595,2014-05-15,1500.0
1596,2014-05-16,1500.0
1597,2014-05-17,1500.0
1598,2014-05-18,1500.0
1599,2014-05-19,1500.0
1600,2014-05-20,1500.0
1601,2014-05-21,1500.0
1602,2014-05-22,1500.0
1603,2014-05-23,1475.0
1604,2014-05-24,1450.0
1605,2014-05-25,1425.0
1606,2014-05-26,1400.0
1607,2014-05-27,1400.0
1608,2014-05-28,1400.0
1609,2014-05-29,1400.0
1610,2014-05-30,1400.0
1611,2014-05-31,1400.0
1612,2014-06-01,1400.0
1613,2014-06-02,1400.0
1614,2014-06-03,1400.0
1615,2014-06-04,1400.0
1616,2014-06-05,1400.0
1617,2014-06-06,1400.0
1618,2014-06-07,1400.0
1619,2014-06-08,1400.0
1620,2014-06-09,1400.0
1621,2014-06-10,1450.0
1622,2014-06-11,1450.0
1623,2014-06-12,1450.0
1624,2014-06-13,1450.0
1625,2014-06-14,1450.0
1626,2014-06-15,1450.0
1627,2014-06-16,1450.0
1628,2014-06-17,1450.0
1629,2014-06-18,1450.0
1630,2014-06-19,1450.0
1631,2014-06-20,1450.0
1632,2014-06-21,1450.0
1633,2014-06-22,1450.0
1634,2014-06-23,1450.0
1635,2014-06-24,1450.0
1636,2014-06-25,1500.0
1637,2014-06-26,1500.0
1638,2014-06-27,1500.0
1639,2014-06-28,1550.0
1640,2014-06-29,1575.0
1641,2014-06-30,1600.0
1642,2014-07-01,1600.0
1643,2014-07-02,1600.0
1644,2014-07-03,1600.0
1645,2014-07-04,1600.0
1646,2014-07-05,1600.0
1647,2014-07-06,1600.0
1648,2014-07-07,1600.0
1649,2014-07-08,1600.0
1650,2014-07-09,1600.0
1651,2014-07-10,1600.0
1652,2014-07-11,1600.0
1653,2014-07-12,1600.0
1654,2014-07-13,1631.5
1655,2014-07-14,1663.0
1656,2014-07-15,1663.0
1657,2014-07-16,1663.0
1658,2014-07-17,1675.0
1659,2014-07-18,1675.0
1660,2014-07-19,1675.0
1661,2014-07-20,1675.0
1662,2014-07-21,1675.0
1663,2014-07-22,1675.0
1664,2014-07-23,1675.0
1665,2014-07-24,1675.0
1666,2014-07-25,1675.0
1667,2014-07-26,1675.0
1668,2014-07-27,1712.5
1669,2014-07-28,1750.0
1670,2014-07-29,1750.0
1671,2014-07-30,1825.0
1672,2014-07-31,1825.0
1673,2014-08-01,1825.0
1674,2014-08-02,1825.0
1675,2014-08-03,1825.0
1676,2014-08-04,1825.0
1677,2014-08-05,1813.0
1678,2014-08-06,1813.0
1679,2014-08-07,1813.0
1680,2014-08-08,1813.0
1681,2014-08-09,1750.0
1682,2014-08-10,1750.0
1683,2014-08-11,1750.0
1684,2014-08-12,1775.0
1685,2014-08-13,1750.0
1686,2014-08-14,1762.5
1687,2014-08-15,1775.0
1688,2014-08-16,1787.5
1689,2014-08-17,1800.0
1690,2014-08-18,1812.5
1691,2014-08-19,1825.0
1692,2014-08-20,1825.0
1693,2014-08-21,1825.0
1694,2014-08-22,1750.0
1695,2014-08-23,1750.0
1696,2014-08-24,1750.0
1697,2014-08-25,1750.0
1698,2014-08-26,1750.0
1699,2014-08-27,1750.0
1700,2014-08-28,1750.0
1701,2014-08-29,1762.6
1702,2014-08-30,1775.2
1703,2014-08-31,1787.8
1704,2014-09-01,1800.4
1705,2014-09-02,1813.0
1706,2014-09-03,1813.0
1707,2014-09-04,1813.0
1708,2014-09-05,1813.0
1709,2014-09-06,1813.0
1710,2014-09-07,1819.0
1711,2014-09-08,1825.0
1712,2014-09-09,1838.0
1713,2014-09-10,1838.0
1714,2014-09-11,1881.5
1715,2014-09-12,1925.0
1716,2014-09-13,1900.0
1717,2014-09-14,1900.0
1718,2014-09-15,1900.0
1719,2014-09-16,1900.0
1720,2014-09-17,1900.0
1721,2014-09-18,1900.0
1722,2014-09-19,1900.0
1723,2014-09-20,2000.0
1724,2014-09-21,2000.0
1725,2014-09-22,2000.0
1726,2014-09-23,2000.0
1727,2014-09-24,2000.0
1728,2014-09-25,2000.0
1729,2014-09-26,1950.0
1730,2014-09-27,1950.0
1731,2014-09-28,1950.0
1732,2014-09-29,1950.0
1733,2014-09-30,1945.0
1734,2014-10-01,1940.0
1735,2014-10-02,1935.0
1736,2014-10-03,1930.0
1737,2014-10-04,1925.0
1738,2014-10-05,1925.0
1739,2014-10-06,1925.0
1740,2014-10-07,1925.0
1741,2014-10-08,1925.0
1742,2014-10-09,1900.0
1743,2014-10-10,1900.0
1744,2014-10-11,1825.0
1745,2014-10-12,1825.0
1746,2014-10-13,1825.0
1747,2014-10-14,1825.0
1748,2014-10-15,1825.0
1749,2014-10-16,1825.0
1750,2014-10-17,1825.0
1751,2014-10-18,1813.0
1752,2014-10-19,1850.333333333333
1753,2014-10-20,1887.666666666667
1754,2014-10-21,1925.0
1755,2014-10-22,1925.0
1756,2014-10-23,1935.416666666667
1757,2014-10-24,1945.833333333333
1758,2014-10-25,1956.25
1759,2014-10-26,1966.666666666667
1760,2014-10-27,1977.083333333333
1761,2014-10-28,1987.5
1762,2014-10-29,1997.916666666667
1763,2014-10-30,2008.333333333333
1764,2014-10-31,2018.75
1765,2014-11-01,2029.166666666667
1766,2014-11-02,2039.583333333333
1767,2014-11-03,2050.0
1768,2014-11-04,2050.0
1769,2014-11-05,2050.0
1770,2014-11-06,2087.5
1771,2014-11-07,2125.0
1772,2014-11-08,2125.0
1773,2014-11-09,2125.0
1774,2014-11-10,2125.0
1775,2014-11-11,2150.0
1776,2014-11-12,2150.0
1777,2014-11-13,2125.0
1778,2014-11-14,2125.0
1779,2014-11-15,2133.333333333333
1780,2014-11-16,2141.6666666666665
1781,2014-11-17,2150.0
1782,2014-11-18,2125.0
1783,2014-11-19,2125.0
1784,2014-11-20,2100.0
1785,2014-11-21,2100.0
1786,2014-11-22,2100.0
1787,2014-11-23,2100.0
1788,2014-11-24,2100.0
1789,2014-11-25,2100.0
1790,2014-11-26,2100.0
1791,2014-11-27,2100.0
1792,2014-11-28,2125.0
1793,2014-11-29,2125.0
1794,2014-11-30,2125.0
1795,2014-12-01,2125.0
1796,2014-12-02,2125.0
1797,2014-12-03,1750.0
1798,2014-12-04,1750.0
1799,2014-12-05,1750.0
1800,2014-12-06,1750.0
1801,2014-12-07,1750.0
1802,2014-12-08,1750.0
1803,2014-12-09,1750.0
1804,2014-12-10,1750.0
1805,2014-12-11,1750.0
1806,2014-12-12,1737.5
1807,2014-12-13,1725.0
1808,2014-12-14,1712.5
1809,2014-12-15,1700.0
1810,2014-12-16,1700.0
1811,2014-12-17,1700.0
1812,2014-12-18,1800.0
1813,2014-12-19,1787.5
1814,2014-12-20,1775.0
1815,2014-12-21,1762.5
1816,2014-12-22,1750.0
1817,2014-12-23,1750.0
1818,2014-12-24,1750.0
1819,2014-12-25,1533.333333333333
1820,2014-12-26,1316.6666666666667
1821,2014-12-27,1100.0
1822,2014-12-28,1100.0
1823,2014-12-29,1100.0
1824,2014-12-30,1100.0
1825,2014-12-31,1100.0
1826,2015-01-01,1100.0
1827,2015-01-02,1100.0
1828,2015-01-03,1100.0
1829,2015-01-04,1100.0
1830,2015-01-05,1100.0
1831,2015-01-06,1050.0
1832,2015-01-07,1050.0
1833,2015-01-08,1050.0
1834,2015-01-09,1050.0
1835,2015-01-10,1050.0
1836,2015-01-11,1050.0
1837,2015-01-12,1050.0
1838,2015-01-13,1050.0
1839,2015-01-14,1050.0
1840,2015-01-15,1050.0
1841,2015-01-16,1050.0
1842,2015-01-17,1050.0
1843,2015-01-18,1050.0
1844,2015-01-19,1050.0
1845,2015-01-20,1000.0
1846,2015-01-21,1000.0
1847,2015-01-22,1000.0
1848,2015-01-23,975.0
1849,2015-01-24,950.0
1850,2015-01-25,935.7142857142856
1851,2015-01-26,921.4285714285713
1852,2015-01-27,907.1428571428572
1853,2015-01-28,892.8571428571429
1854,2015-01-29,878.5714285714287
1855,2015-01-30,864.2857142857142
1856,2015-01-31,850.0
1857,2015-02-01,850.0
1858,2015-02-02,850.0
1859,2015-02-03,850.0
1860,2015-02-04,850.0
1861,2015-02-05,850.0
1862,2015-02-06,750.0
1863,2015-02-07,750.0
1864,2015-02-08,750.0
1865,2015-02-09,750.0
1866,2015-02-10,750.0
1867,2015-02-11,750.0
1868,2015-02-12,750.0
1869,2015-02-13,750.0
1870,2015-02-14,725.0
1871,2015-02-15,700.0
1872,2015-02-16,675.0
1873,2015-02-17,675.0
1874,2015-02-18,675.0
1875,2015-02-19,675.0
1876,2015-02-20,675.0
1877,2015-02-21,666.6666666666666
1878,2015-02-22,658.3333333333334
1879,2015-02-23,650.0
1880,2015-02-24,650.0
1881,2015-02-25,650.0
1882,2015-02-26,650.0
1883,2015-02-27,625.0
1884,2015-02-28,625.0
1885,2015-03-01,625.0
1886,2015-03-02,625.0
1887,2015-03-03,625.0
1888,2015-03-04,625.0
1889,2015-03-05,625.0
1890,2015-03-06,612.5
1891,2015-03-07,600.0
1892,2015-03-08,587.5
1893,2015-03-09,575.0
1894,2015-03-10,575.0
1895,2015-03-11,588.0
1896,2015-03-12,550.0
1897,2015-03-13,550.0
1898,2015-03-14,550.0
1899,2015-03-15,525.0
1900,2015-03-16,500.0
1901,2015-03-17,500.0
1902,2015-03-18,500.0
1903,2015-03-19,500.0
1904,2015-03-20,475.0
1905,2015-03-21,475.0
1906,2015-03-22,475.0
1907,2015-03-23,475.0
1908,2015-03-24,475.0
1909,2015-03-25,475.0
1910,2015-03-26,469.0
1911,2015-03-27,463.0
1912,2015-03-28,458.66666666666674
1913,2015-03-29,454.33333333333326
1914,2015-03-30,450.0
1915,2015-03-31,450.0
1916,2015-04-01,450.0
1917,2015-04-02,450.0
1918,2015-04-03,450.0
1919,2015-04-04,450.0
1920,2015-04-05,475.0
1921,2015-04-06,500.0
1922,2015-04-07,500.0
1923,2015-04-08,500.0
1924,2015-04-09,500.0
1925,2015-04-10,500.0
1926,2015-04-11,510.0
1927,2015-04-12,520.0
1928,2015-04-13,530.0
1929,2015-04-14,540.0
1930,2015-04-15,550.0
1931,2015-04-16,550.0
1932,2015-04-17,550.0
1933,2015-04-18,550.0
1934,2015-04-19,550.0
1935,2015-04-20,550.0
1936,2015-04-21,550.0
1937,2015-04-22,500.0
1938,2015-04-23,500.0
1939,2015-04-24,500.0
1940,2015-04-25,500.0
1941,2015-04-26,500.0
1942,2015-04-27,500.0
1943,2015-04-28,500.0
1944,2015-04-29,500.0
1945,2015-04-30,512.5
1946,2015-05-01,525.0
1947,2015-05-02,525.0
1948,2015-05-03,525.0
1949,2015-05-04,525.0
1950,2015-05-05,525.0
1951,2015-05-06,500.0
1952,2015-05-07,500.0
1953,2015-05-08,500.0
1954,2015-05-09,500.0
1955,2015-05-10,500.0
1956,2015-05-11,500.0
1957,2015-05-12,575.0
1958,2015-05-13,570.8333333333334
1959,2015-05-14,566.6666666666666
1960,2015-05-15,562.5
1961,2015-05-16,558.3333333333334
1962,2015-05-17,554.1666666666666
1963,2015-05-18,550.0
1964,2015-05-19,550.0
1965,2015-05-20,550.0
1966,2015-05-21,550.0
1967,2015-05-22,550.0
1968,2015-05-23,550.0
1969,2015-05-24,575.0
1970,2015-05-25,600.0
1971,2015-05-26,625.0
1972,2015-05-27,625.0
1973,2015-05-28,625.0
1974,2015-05-29,625.0
1975,2015-05-30,675.0
1976,2015-05-31,681.5
1977,2015-06-01,688.0
1978,2015-06-02,688.0
1979,2015-06-03,700.0
1980,2015-06-04,700.0
1981,2015-06-05,700.0
1982,2015-06-06,700.0
1983,2015-06-07,700.0
1984,2015-06-08,700.0
1985,2015-06-09,700.0
1986,2015-06-10,700.0
1987,2015-06-11,700.0
1988,2015-06-12,700.0
1989,2015-06-13,691.6666666666665
1990,2015-06-14,683.3333333333334
1991,2015-06-15,675.0
1992,2015-06-16,675.0
1993,2015-06-17,675.0
1994,2015-06-18,675.0
1995,2015-06-19,675.0
1996,2015-06-20,675.0
1997,2015-06-21,675.0
1998,2015-06-22,675.0
1999,2015-06-23,675.0
2000,2015-06-24,675.0
2001,2015-06-25,673.0769230769231
2002,2015-06-26,671.1538461538463
2003,2015-06-27,669.2307692307693
2004,2015-06-28,667.3076923076923
2005,2015-06-29,665.3846153846154
2006,2015-06-30,663.4615384615385
2007,2015-07-01,661.5384615384615
2008,2015-07-02,659.6153846153846
2009,2015-07-03,657.6923076923077
2010,2015-07-04,655.7692307692307
2011,2015-07-05,653.8461538461537
2012,2015-07-06,651.9230769230769
2013,2015-07-07,650.0
2014,2015-07-08,650.0
2015,2015-07-09,650.0
2016,2015-07-10,650.0
2017,2015-07-11,625.0
2018,2015-07-12,625.0
2019,2015-07-13,625.0
2020,2015-07-14,625.0
2021,2015-07-15,575.0
2022,2015-07-16,600.0
2023,2015-07-17,600.0
2024,2015-07-18,600.0
2025,2015-07-19,600.0
2026,2015-07-20,600.0
2027,2015-07-21,600.0
2028,2015-07-22,600.0
2029,2015-07-23,650.0
2030,2015-07-24,650.0
2031,2015-07-25,650.0
2032,2015-07-26,650.0
2033,2015-07-27,650.0
2034,2015-07-28,650.0
2035,2015-07-29,650.0
2036,2015-07-30,725.0
2037,2015-07-31,800.0
2038,2015-08-01,750.0
2039,2015-08-02,725.0
2040,2015-08-03,700.0
2041,2015-08-04,700.0
2042,2015-08-05,688.0
2043,2015-08-06,675.0
2044,2015-08-07,675.0
2045,2015-08-08,675.0
2046,2015-08-09,662.5
2047,2015-08-10,650.0
2048,2015-08-11,650.0
2049,2015-08-12,650.0
2050,2015-08-13,650.0
2051,2015-08-14,650.0
2052,2015-08-15,650.0
2053,2015-08-16,650.0
2054,2015-08-17,650.0
2055,2015-08-18,650.0
2056,2015-08-19,650.0
2057,2015-08-20,650.0
2058,2015-08-21,650.0
2059,2015-08-22,650.0
2060,2015-08-23,650.0
2061,2015-08-24,650.0
2062,2015-08-25,687.5
2063,2015-08-26,725.0
2064,2015-08-27,762.5
2065,2015-08-28,800.0
2066,2015-08-29,800.0
2067,2015-08-30,800.0
2068,2015-08-31,800.0
2069,2015-09-01,800.0
2070,2015-09-02,800.0
2071,2015-09-03,800.0
2072,2015-09-04,800.0
2073,2015-09-05,800.0
2074,2015-09-06,800.0
2075,2015-09-07,800.0
2076,2015-09-08,800.0
2077,2015-09-09,700.0
2078,2015-09-10,700.0
2079,2015-09-11,700.0
2080,2015-09-12,700.0
2081,2015-09-13,700.0
2082,2015-09-14,700.0
2083,2015-09-15,700.0
2084,2015-09-16,700.0
2085,2015-09-17,700.0
2086,2015-09-18,700.0
2087,2015-09-19,700.0
2088,2015-09-20,713.8888888888888
2089,2015-09-21,727.7777777777777
2090,2015-09-22,741.6666666666665
2091,2015-09-23,755.5555555555555
2092,2015-09-24,769.4444444444445
2093,2015-09-25,783.3333333333335
2094,2015-09-26,797.2222222222223
2095,2015-09-27,811.1111111111112
2096,2015-09-28,825.0
2097,2015-09-29,825.0
2098,2015-09-30,825.0
2099,2015-10-01,825.0
2100,2015-10-02,831.25
2101,2015-10-03,837.5
2102,2015-10-04,843.75
2103,2015-10-05,850.0
2104,2015-10-06,850.0
2105,2015-10-07,850.0
2106,2015-10-08,850.0
2107,2015-10-09,850.0
2108,2015-10-10,850.0
2109,2015-10-11,850.0
2110,2015-10-12,850.0
2111,2015-10-13,950.0
2112,2015-10-14,950.0
2113,2015-10-15,950.0
2114,2015-10-16,950.0
2115,2015-10-17,950.0
2116,2015-10-18,950.0
2117,2015-10-19,950.0
2118,2015-10-20,950.0
2119,2015-10-21,950.0
2120,2015-10-22,950.0
2121,2015-10-23,950.0
2122,2015-10-24,950.0
2123,2015-10-25,950.0
2124,2015-10-26,950.0
2125,2015-10-27,950.0
2126,2015-10-28,950.0
2127,2015-10-29,950.0
2128,2015-10-30,950.0
2129,2015-10-31,950.0
2130,2015-11-01,950.0
2131,2015-11-02,950.0
2132,2015-11-03,963.0
2133,2015-11-04,963.0
2134,2015-11-05,963.0
2135,2015-11-06,963.0
2136,2015-11-07,1000.0
2137,2015-11-08,1000.0
2138,2015-11-09,1000.0
2139,2015-11-10,1000.0
2140,2015-11-11,1003.8461538461537
2141,2015-11-12,1007.6923076923076
2142,2015-11-13,1011.5384615384617
2143,2015-11-14,1015.3846153846154
2144,2015-11-15,1019.2307692307692
2145,2015-11-16,1023.0769230769232
2146,2015-11-17,1026.923076923077
2147,2015-11-18,1030.7692307692307
2148,2015-11-19,1034.6153846153843
2149,2015-11-20,1038.4615384615388
2150,2015-11-21,1042.3076923076924
2151,2015-11-22,1046.1538461538462
2152,2015-11-23,1050.0
2153,2015-11-24,1050.0
2154,2015-11-25,1050.0
2155,2015-11-26,1050.0
2156,2015-11-27,1000.0
2157,2015-11-28,1000.0
2158,2015-11-29,1000.0
2159,2015-11-30,1000.0
2160,2015-12-01,1000.0
2161,2015-12-02,1000.0
2162,2015-12-03,1000.0
2163,2015-12-04,1000.0
2164,2015-12-05,1000.0
2165,2015-12-06,1000.0
2166,2015-12-07,1000.0
2167,2015-12-08,1000.0
2168,2015-12-09,1000.0
2169,2015-12-10,1000.0
2170,2015-12-11,1000.0
2171,2015-12-12,1000.0
2172,2015-12-13,1000.0
2173,2015-12-14,1000.0
2174,2015-12-15,1000.0
2175,2015-12-16,1000.0
2176,2015-12-17,1000.0
2177,2015-12-18,900.0
2178,2015-12-19,900.0
2179,2015-12-20,900.0
2180,2015-12-21,900.0
2181,2015-12-22,890.0
2182,2015-12-23,880.0
2183,2015-12-24,870.0
2184,2015-12-25,860.0
2185,2015-12-26,850.0
2186,2015-12-27,862.5
2187,2015-12-28,875.0
2188,2015-12-29,887.5
2189,2015-12-30,900.0
2190,2015-12-31,900.0
2191,2016-01-01,900.0
2192,2016-01-02,900.0
2193,2016-01-03,900.0
2194,2016-01-04,900.0
2195,2016-01-05,900.0
2196,2016-01-06,900.0
2197,2016-01-07,900.0
2198,2016-01-08,950.0
2199,2016-01-09,950.0
2200,2016-01-10,950.0
2201,2016-01-11,950.0
2202,2016-01-12,950.0
2203,2016-01-13,950.0
2204,2016-01-14,950.0
2205,2016-01-15,950.0
2206,2016-01-16,950.0
2207,2016-01-17,950.0
2208,2016-01-18,950.0
2209,2016-01-19,950.0
2210,2016-01-20,950.0
2211,2016-01-21,750.0
2212,2016-01-22,750.0
2213,2016-01-23,750.0
2214,2016-01-24,800.0
2215,2016-01-25,850.0
2216,2016-01-26,850.0
2217,2016-01-27,850.0
2218,2016-01-28,850.0
2219,2016-01-29,850.0
2220,2016-01-30,750.0
2221,2016-01-31,750.0
2222,2016-02-01,750.0
2223,2016-02-02,750.0
2224,2016-02-03,750.0
2225,2016-02-04,750.0
2226,2016-02-05,750.0
2227,2016-02-06,750.0
2228,2016-02-07,750.0
2229,2016-02-08,750.0
2230,2016-02-09,750.0
2231,2016-02-10,750.0
2232,2016-02-11,800.0
2233,2016-02-12,800.0
2234,2016-02-13,812.5
2235,2016-02-14,825.0
2236,2016-02-15,837.5
2237,2016-02-16,850.0
2238,2016-02-17,850.0
2239,2016-02-18,900.0
2240,2016-02-19,900.0
2241,2016-02-20,900.0
2242,2016-02-21,900.0
2243,2016-02-22,900.0
2244,2016-02-23,950.0
2245,2016-02-24,950.0
2246,2016-02-25,950.0
2247,2016-02-26,950.0
2248,2016-02-27,950.0
2249,2016-02-28,950.0
2250,2016-02-29,950.0
2251,2016-03-01,950.0
2252,2016-03-02,950.0
2253,2016-03-03,950.0
2254,2016-03-04,1000.0
2255,2016-03-05,1000.0
2256,2016-03-06,990.0
2257,2016-03-07,980.0
2258,2016-03-08,970.0
2259,2016-03-09,960.0
2260,2016-03-10,950.0
2261,2016-03-11,950.0
2262,2016-03-12,950.0
2263,2016-03-13,950.0
2264,2016-03-14,950.0
2265,2016-03-15,950.0
2266,2016-03-16,950.0
2267,2016-03-17,900.0
2268,2016-03-18,900.0
2269,2016-03-19,900.0
2270,2016-03-20,900.0
2271,2016-03-21,900.0
2272,2016-03-22,900.0
2273,2016-03-23,950.0
2274,2016-03-24,960.0
2275,2016-03-25,970.0
2276,2016-03-26,980.0
2277,2016-03-27,990.0
2278,2016-03-28,1000.0
2279,2016-03-29,1000.0
2280,2016-03-30,1000.0
2281,2016-03-31,1000.0
2282,2016-04-01,1000.0
2283,2016-04-02,1050.0
2284,2016-04-03,1100.0
2285,2016-04-04,1150.0
2286,2016-04-05,1200.0
2287,2016-04-06,1250.0
2288,2016-04-07,1250.0
2289,2016-04-08,1250.0
2290,2016-04-09,1250.0
2291,2016-04-10,1250.0
2292,2016-04-11,1250.0
2293,2016-04-12,1325.0
2294,2016-04-13,1325.0
2295,2016-04-14,1325.0
2296,2016-04-15,1325.0
2297,2016-04-16,1325.0
2298,2016-04-17,1325.0
2299,2016-04-18,1325.0
2300,2016-04-19,1325.0
2301,2016-04-20,1325.0
2302,2016-04-21,1350.0
2303,2016-04-22,1350.0
2304,2016-04-23,1350.0
2305,2016-04-24,1350.0
2306,2016-04-25,1350.0
2307,2016-04-26,1350.0
2308,2016-04-27,1350.0
2309,2016-04-28,1300.0
2310,2016-04-29,1300.0
2311,2016-04-30,1300.0
2312,2016-05-01,1287.5
2313,2016-05-02,1275.0
2314,2016-05-03,1275.0
2315,2016-05-04,1300.0
2316,2016-05-05,1300.0
2317,2016-05-06,1262.5
2318,2016-05-07,1225.0
2319,2016-05-08,1225.0
2320,2016-05-09,1225.0
2321,2016-05-10,1225.0
2322,2016-05-11,1225.0
2323,2016-05-12,1225.0
2324,2016-05-13,1225.0
2325,2016-05-14,1250.0
2326,2016-05-15,1250.0
2327,2016-05-16,1250.0
2328,2016-05-17,1250.0
2329,2016-05-18,1150.0
2330,2016-05-19,1150.0
2331,2016-05-20,1150.0
2332,2016-05-21,1125.0
2333,2016-05-22,1187.5
2334,2016-05-23,1250.0
2335,2016-05-24,1250.0
2336,2016-05-25,1250.0
2337,2016-05-26,1250.0
2338,2016-05-27,1250.0
2339,2016-05-28,1250.0
2340,2016-05-29,1270.0
2341,2016-05-30,1290.0
2342,2016-05-31,1310.0
2343,2016-06-01,1330.0
2344,2016-06-02,1350.0
2345,2016-06-03,1350.0
2346,2016-06-04,1350.0
2347,2016-06-05,1350.0
2348,2016-06-06,1350.0
2349,2016-06-07,1350.0
2350,2016-06-08,1350.0
2351,2016-06-09,1350.0
2352,2016-06-10,1325.0
2353,2016-06-11,1325.0
2354,2016-06-12,1325.0
2355,2016-06-13,1325.0
2356,2016-06-14,1325.0
2357,2016-06-15,1362.5
2358,2016-06-16,1400.0
2359,2016-06-17,1400.0
2360,2016-06-18,1400.0
2361,2016-06-19,1400.0
2362,2016-06-20,1400.0
2363,2016-06-21,1400.0
2364,2016-06-22,1400.0
2365,2016-06-23,1500.0
2366,2016-06-24,1500.0
2367,2016-06-25,1500.0
2368,2016-06-26,1500.0
2369,2016-06-27,1500.0
2370,2016-06-28,1500.0
2371,2016-06-29,1450.0
2372,2016-06-30,1450.0
2373,2016-07-01,1450.0
2374,2016-07-02,1450.0
2375,2016-07-03,1450.0
2376,2016-07-04,1450.0
2377,2016-07-05,1450.0
2378,2016-07-06,1450.0
2379,2016-07-07,1450.0
2380,2016-07-08,1450.0
2381,2016-07-09,1450.0
2382,2016-07-10,1450.0
2383,2016-07-11,1450.0
2384,2016-07-12,1450.0
2385,2016-07-13,1500.0
2386,2016-07-14,1500.0
2387,2016-07-15,1500.0
2388,2016-07-16,1500.0
2389,2016-07-17,1500.0
2390,2016-07-18,1500.0
2391,2016-07-19,1450.0
2392,2016-07-20,1450.0
2393,2016-07-21,1450.0
2394,2016-07-22,1400.0
2395,2016-07-23,1400.0
2396,2016-07-24,1400.0
2397,2016-07-25,1400.0
2398,2016-07-26,1375.0
2399,2016-07-27,1350.0
2400,2016-07-28,1350.0
2401,2016-07-29,1350.0
2402,2016-07-30,1366.6666666666667
2403,2016-07-31,1383.333333333333
2404,2016-08-01,1400.0
2405,2016-08-02,1400.0
2406,2016-08-03,1400.0
2407,2016-08-04,1400.0
2408,2016-08-05,1400.0
2409,2016-08-06,1400.0
2410,2016-08-07,1350.0
2411,2016-08-08,1300.0
2412,2016-08-09,1300.0
2413,2016-08-10,1300.0
2414,2016-08-11,1300.0
2415,2016-08-12,1300.0
2416,2016-08-13,1300.0
2417,2016-08-14,1291.6666666666667
2418,2016-08-15,1283.3333333333333
2419,2016-08-16,1275.0
2420,2016-08-17,1266.6666666666667
2421,2016-08-18,1258.3333333333333
2422,2016-08-19,1250.0
2423,2016-08-20,1250.0
2424,2016-08-21,1275.0
2425,2016-08-22,1300.0
2426,2016-08-23,1300.0
2427,2016-08-24,1300.0
2428,2016-08-25,1275.0
2429,2016-08-26,1250.0
2430,2016-08-27,1250.0
2431,2016-08-28,1250.0
2432,2016-08-29,1250.0
2433,2016-08-30,1250.0
2434,2016-08-31,1250.0
2435,2016-09-01,1250.0
2436,2016-09-02,1250.0
2437,2016-09-03,1250.0
2438,2016-09-04,1250.0
2439,2016-09-05,1250.0
2440,2016-09-06,1250.0
2441,2016-09-07,1250.0
2442,2016-09-08,1125.0
2443,2016-09-09,1125.0
2444,2016-09-10,1125.0
2445,2016-09-11,1125.0
2446,2016-09-12,1125.0
2447,2016-09-13,1125.0
2448,2016-09-14,1125.0
2449,2016-09-15,1100.0
2450,2016-09-16,1100.0
2451,2016-09-17,1100.0
2452,2016-09-18,1100.0
2453,2016-09-19,1100.0
2454,2016-09-20,1100.0
2455,2016-09-21,1100.0
2456,2016-09-22,1100.0
2457,2016-09-23,1100.0
2458,2016-09-24,1100.0
2459,2016-09-25,1100.0
2460,2016-09-26,1100.0
2461,2016-09-27,950.0
2462,2016-09-28,950.0
2463,2016-09-29,950.0
2464,2016-09-30,950.0
2465,2016-10-01,950.0
2466,2016-10-02,975.0
2467,2016-10-03,1000.0
2468,2016-10-04,1000.0
2469,2016-10-05,1000.0
2470,2016-10-06,1000.0
2471,2016-10-07,1000.0
2472,2016-10-08,1000.0
2473,2016-10-09,1000.0
2474,2016-10-10,1000.0
2475,2016-10-11,1000.0
2476,2016-10-12,1000.0
2477,2016-10-13,1000.0
2478,2016-10-14,1000.0
2479,2016-10-15,983.3333333333335
2480,2016-10-16,966.6666666666665
2481,2016-10-17,950.0
2482,2016-10-18,950.0
2483,2016-10-19,950.0
2484,2016-10-20,950.0
2485,2016-10-21,950.0
2486,2016-10-22,950.0
2487,2016-10-23,950.0
2488,2016-10-24,950.0
2489,2016-10-25,950.0
2490,2016-10-26,1050.0
2491,2016-10-27,1050.0
2492,2016-10-28,1050.0
2493,2016-10-29,1050.0
2494,2016-10-30,1044.8717948717951
2495,2016-10-31,1039.7435897435898
2496,2016-11-01,1034.6153846153843
2497,2016-11-02,1029.4871794871794
2498,2016-11-03,1024.3589743589744
2499,2016-11-04,1019.2307692307692
2500,2016-11-05,1014.102564102564
2501,2016-11-06,1008.974358974359
2502,2016-11-07,1003.8461538461537
2503,2016-11-08,998.7179487179487
2504,2016-11-09,993.5897435897436
2505,2016-11-10,988.4615384615383
2506,2016-11-11,983.3333333333335
2507,2016-11-12,978.2051282051282
2508,2016-11-13,973.0769230769232
2509,2016-11-14,967.948717948718
2510,2016-11-15,962.8205128205127
2511,2016-11-16,957.6923076923076
2512,2016-11-17,952.5641025641023
2513,2016-11-18,947.4358974358977
2514,2016-11-19,942.3076923076924
2515,2016-11-20,937.1794871794873
2516,2016-11-21,932.051282051282
2517,2016-11-22,926.9230769230768
2518,2016-11-23,921.7948717948718
2519,2016-11-24,916.6666666666665
2520,2016-11-25,911.5384615384617
2521,2016-11-26,906.4102564102564
2522,2016-11-27,901.2820512820513
2523,2016-11-28,896.1538461538463
2524,2016-11-29,891.025641025641
2525,2016-11-30,885.8974358974359
2526,2016-12-01,880.7692307692308
2527,2016-12-02,875.6410256410257
2528,2016-12-03,870.5128205128206
2529,2016-12-04,865.3846153846154
2530,2016-12-05,860.2564102564102
2531,2016-12-06,855.1282051282051
2532,2016-12-07,850.0
2533,2016-12-08,844.8717948717949
2534,2016-12-09,839.7435897435898
2535,2016-12-10,834.6153846153845
2536,2016-12-11,829.4871794871794
2537,2016-12-12,824.3589743589743
2538,2016-12-13,819.2307692307692
2539,2016-12-14,814.1025641025641
2540,2016-12-15,808.9743589743588
2541,2016-12-16,803.8461538461537
2542,2016-12-17,798.7179487179487
2543,2016-12-18,793.5897435897436
2544,2016-12-19,788.4615384615386
2545,2016-12-20,783.3333333333333
2546,2016-12-21,778.2051282051282
2547,2016-12-22,773.0769230769231
2548,2016-12-23,767.9487179487178
2549,2016-12-24,762.8205128205127
2550,2016-12-25,757.6923076923076
2551,2016-12-26,752.5641025641024
2552,2016-12-27,747.4358974358976
2553,2016-12-28,742.3076923076923
2554,2016-12-29,737.1794871794872
2555,2016-12-30,732.051282051282
2556,2016-12-31,726.9230769230769
2557,2017-01-01,721.7948717948718
2558,2017-01-02,716.6666666666665
2559,2017-01-03,711.5384615384613
2560,2017-01-04,706.4102564102564
2561,2017-01-05,701.2820512820513
2562,2017-01-06,696.1538461538463
2563,2017-01-07,691.025641025641
2564,2017-01-08,685.8974358974358
2565,2017-01-09,680.7692307692307
2566,2017-01-10,675.6410256410256
2567,2017-01-11,670.5128205128206
2568,2017-01-12,665.3846153846154
2569,2017-01-13,660.2564102564102
2570,2017-01-14,655.1282051282051
2571,2017-01-15,650.0
2572,2017-01-16,644.8717948717949
2573,2017-01-17,639.7435897435898
2574,2017-01-18,634.6153846153845
2575,2017-01-19,629.4871794871794
2576,2017-01-20,624.3589743589744
2577,2017-01-21,619.2307692307693
2578,2017-01-22,614.1025641025641
2579,2017-01-23,608.9743589743589
2580,2017-01-24,603.8461538461537
2581,2017-01-25,598.7179487179487
2582,2017-01-26,593.5897435897435
2583,2017-01-27,588.4615384615382
2584,2017-01-28,583.3333333333333
2585,2017-01-29,578.2051282051283
2586,2017-01-30,573.0769230769231
2587,2017-01-31,567.9487179487179
2588,2017-02-01,562.8205128205127
2589,2017-02-02,557.6923076923076
2590,2017-02-03,552.5641025641024
2591,2017-02-04,547.4358974358976
2592,2017-02-05,542.3076923076924
2593,2017-02-06,537.1794871794872
2594,2017-02-07,532.051282051282
2595,2017-02-08,526.9230769230769
2596,2017-02-09,521.7948717948717
2597,2017-02-10,516.6666666666666
2598,2017-02-11,511.5384615384616
2599,2017-02-12,506.41025641025635
2600,2017-02-13,501.2820512820512
2601,2017-02-14,496.15384615384613
2602,2017-02-15,491.025641025641
2603,2017-02-16,485.89743589743586
2604,2017-02-17,480.76923076923066
2605,2017-02-18,475.64102564102564
2606,2017-02-19,470.5128205128205
2607,2017-02-20,465.3846153846154
2608,2017-02-21,460.2564102564102
2609,2017-02-22,455.1282051282051
2610,2017-02-23,450.0
2611,2017-02-24,475.0
2612,2017-02-25,500.0
2613,2017-02-26,500.0
2614,2017-02-27,500.0
2615,2017-02-28,500.0
2616,2017-03-01,475.0
2617,2017-03-02,475.0
2618,2017-03-03,475.0
2619,2017-03-04,525.0
2620,2017-03-05,525.0
2621,2017-03-06,525.0
2622,2017-03-07,525.0
2623,2017-03-08,525.0
2624,2017-03-09,575.0
2625,2017-03-10,575.0
2626,2017-03-11,575.0
2627,2017-03-12,575.0
2628,2017-03-13,575.0
2629,2017-03-14,575.0
2630,2017-03-15,575.0
2631,2017-03-16,575.0
2632,2017-03-17,675.0
2633,2017-03-18,575.0
2634,2017-03-19,575.0
2635,2017-03-20,575.0
2636,2017-03-21,525.0
2637,2017-03-22,525.0
2638,2017-03-23,525.0
2639,2017-03-24,525.0
2640,2017-03-25,525.0
2641,2017-03-26,550.0
2642,2017-03-27,600.0
2643,2017-03-28,600.0
2644,2017-03-29,600.0
2645,2017-03-30,525.0
2646,2017-03-31,525.0
2647,2017-04-01,525.0
2648,2017-04-02,825.0
2649,2017-04-03,825.0
2650,2017-04-04,825.0
2651,2017-04-05,650.0
2652,2017-04-06,650.0
2653,2017-04-07,625.0
2654,2017-04-08,625.0
2655,2017-04-09,675.0
2656,2017-04-10,675.0
2657,2017-04-11,675.0
2658,2017-04-12,775.0
2659,2017-04-13,775.0
2660,2017-04-14,625.0
2661,2017-04-15,625.0
2662,2017-04-16,550.0
2663,2017-04-17,550.0
2664,2017-04-18,550.0
2665,2017-04-19,550.0
2666,2017-04-20,600.0
2667,2017-04-21,600.0
2668,2017-04-22,600.0
2669,2017-04-23,600.0
2670,2017-04-24,625.0
2671,2017-04-25,625.0
2672,2017-04-26,625.0
2673,2017-04-27,625.0
2674,2017-04-28,625.0
2675,2017-04-29,625.0
2676,2017-04-30,675.0
2677,2017-05-01,700.0
2678,2017-05-02,675.0
2679,2017-05-03,675.0
2680,2017-05-04,675.0
2681,2017-05-05,650.0
2682,2017-05-06,650.0
2683,2017-05-07,650.0
2684,2017-05-08,700.0
2685,2017-05-09,700.0
2686,2017-05-10,700.0
2687,2017-05-11,675.0
2688,2017-05-12,700.0
2689,2017-05-13,675.0
2690,2017-05-14,662.5
2691,2017-05-15,650.0
2692,2017-05-16,650.0
2693,2017-05-17,650.0
2694,2017-05-18,650.0
2695,2017-05-19,650.0
2696,2017-05-20,650.0
2697,2017-05-21,650.0
2698,2017-05-22,650.0
2699,2017-05-23,650.0
2700,2017-05-24,650.0
2701,2017-05-25,650.0
2702,2017-05-26,650.0
2703,2017-05-27,625.0
2704,2017-05-28,625.0
2705,2017-05-29,625.0
2706,2017-05-30,675.0
2707,2017-05-31,675.0
2708,2017-06-01,650.0
2709,2017-06-02,650.0
2710,2017-06-03,650.0
2711,2017-06-04,625.0
2712,2017-06-05,625.0
2713,2017-06-06,625.0
2714,2017-06-07,625.0
2715,2017-06-08,650.0
2716,2017-06-09,650.0
2717,2017-06-10,650.0
2718,2017-06-11,650.0
2719,2017-06-12,650.0
2720,2017-06-13,650.0
2721,2017-06-14,625.0
2722,2017-06-15,625.0
2723,2017-06-16,625.0
2724,2017-06-17,625.0
2725,2017-06-18,625.0
2726,2017-06-19,625.0
2727,2017-06-20,625.0
2728,2017-06-21,625.0
2729,2017-06-22,637.5
2730,2017-06-23,650.0
2731,2017-06-24,650.0
2732,2017-06-25,650.0
2733,2017-06-26,650.0
2734,2017-06-27,650.0
2735,2017-06-28,650.0
2736,2017-06-29,650.0
2737,2017-06-30,650.0
2738,2017-07-01,650.0
2739,2017-07-02,625.0
2740,2017-07-03,625.0
2741,2017-07-04,625.0
2742,2017-07-05,625.0
2743,2017-07-06,625.0
2744,2017-07-07,575.0
2745,2017-07-08,575.0
2746,2017-07-09,575.0
2747,2017-07-10,575.0
2748,2017-07-11,550.0
2749,2017-07-12,550.0
2750,2017-07-13,550.0
2751,2017-07-14,550.0
2752,2017-07-15,550.0
2753,2017-07-16,550.0
2754,2017-07-17,550.0
2755,2017-07-18,500.0
2756,2017-07-19,500.0
2757,2017-07-20,500.0
2758,2017-07-21,550.0
2759,2017-07-22,550.0
2760,2017-07-23,525.0
2761,2017-07-24,525.0
2762,2017-07-25,525.0
2763,2017-07-26,575.0
2764,2017-07-27,625.0
2765,2017-07-28,625.0
2766,2017-07-29,625.0
2767,2017-07-30,550.0
2768,2017-07-31,550.0
2769,2017-08-01,550.0
2770,2017-08-02,550.0
2771,2017-08-03,525.0
2772,2017-08-04,525.0
2773,2017-08-05,525.0
2774,2017-08-06,533.3333333333334
2775,2017-08-07,541.6666666666666
2776,2017-08-08,550.0
2777,2017-08-09,550.0
2778,2017-08-10,550.0
2779,2017-08-11,550.0
2780,2017-08-12,500.0
2781,2017-08-13,500.0
2782,2017-08-14,500.0
2783,2017-08-15,525.0
2784,2017-08-16,525.0
2785,2017-08-17,500.0
2786,2017-08-18,500.0
2787,2017-08-19,500.0
2788,2017-08-20,500.0
2789,2017-08-21,500.0
2790,2017-08-22,500.0
2791,2017-08-23,525.0
2792,2017-08-24,525.0
2793,2017-08-25,500.0
2794,2017-08-26,500.0
2795,2017-08-27,500.0
2796,2017-08-28,500.0
2797,2017-08-29,500.0
2798,2017-08-30,500.0
2799,2017-08-31,500.0
2800,2017-09-01,500.0
2801,2017-09-02,500.0
2802,2017-09-03,575.0
2803,2017-09-04,575.0
2804,2017-09-05,575.0
2805,2017-09-06,575.0
2806,2017-09-07,575.0
2807,2017-09-08,500.0
2808,2017-09-09,500.0
2809,2017-09-10,500.0
2810,2017-09-11,500.0
2811,2017-09-12,500.0
2812,2017-09-13,500.0
2813,2017-09-14,500.0
2814,2017-09-15,475.0
2815,2017-09-16,500.0
2816,2017-09-17,500.0
2817,2017-09-18,500.0
2818,2017-09-19,500.0
2819,2017-09-20,500.0
2820,2017-09-21,450.0
2821,2017-09-22,450.0
2822,2017-09-23,450.0
2823,2017-09-24,450.0
2824,2017-09-25,450.0
2825,2017-09-26,450.0
2826,2017-09-27,450.0
2827,2017-09-28,450.0
2828,2017-09-29,450.0
2829,2017-09-30,450.0
2830,2017-10-01,450.0
2831,2017-10-02,450.0
2832,2017-10-03,450.0
2833,2017-10-04,425.0
2834,2017-10-05,450.0
2835,2017-10-06,450.0
2836,2017-10-07,425.0
2837,2017-10-08,425.0
2838,2017-10-09,425.0
2839,2017-10-10,425.0
2840,2017-10-11,425.0
2841,2017-10-12,450.0
2842,2017-10-13,400.0
2843,2017-10-14,400.0
2844,2017-10-15,400.0
2845,2017-10-16,400.0
2846,2017-10-17,425.0
2847,2017-10-18,400.0
2848,2017-10-19,425.0
2849,2017-10-20,450.0
2850,2017-10-21,475.0
2851,2017-10-22,500.0
2852,2017-10-23,525.0
2853,2017-10-24,525.0
2854,2017-10-25,500.0
2855,2017-10-26,500.0
2856,2017-10-27,475.0
2857,2017-10-28,500.0
2858,2017-10-29,500.0
2859,2017-10-30,475.0
2860,2017-10-31,600.0
2861,2017-11-01,600.0
2862,2017-11-02,600.0
2863,2017-11-03,600.0
2864,2017-11-04,575.0
2865,2017-11-05,575.0
2866,2017-11-06,575.0
2867,2017-11-07,575.0
2868,2017-11-08,575.0
2869,2017-11-09,600.0
2870,2017-11-10,600.0
2871,2017-11-11,600.0
2872,2017-11-12,575.0
2873,2017-11-13,575.0
2874,2017-11-14,500.0
2875,2017-11-15,500.0
2876,2017-11-16,500.0
2877,2017-11-17,500.0
2878,2017-11-18,500.0
2879,2017-11-19,475.0
2880,2017-11-20,475.0
2881,2017-11-21,537.5
2882,2017-11-22,600.0
2883,2017-11-23,625.0
2884,2017-11-24,675.0
2885,2017-11-25,525.0
2886,2017-11-26,550.0
2887,2017-11-27,550.0
2888,2017-11-28,550.0
2889,2017-11-29,550.0
2890,2017-11-30,450.0
2891,2017-12-01,475.0
2892,2017-12-02,500.0
2893,2017-12-03,425.0
2894,2017-12-04,425.0
2895,2017-12-05,425.0
2896,2017-12-06,475.0
2897,2017-12-07,750.0
2898,2017-12-08,775.0
2899,2017-12-09,625.0
2900,2017-12-10,575.0
2901,2017-12-11,575.0
2902,2017-12-12,575.0
2903,2017-12-13,575.0
2904,2017-12-14,550.0
2905,2017-12-15,550.0
2906,2017-12-16,550.0
2907,2017-12-17,550.0
2908,2017-12-18,550.0
2909,2017-12-19,550.0
2910,2017-12-20,550.0
2911,2017-12-21,550.0
2912,2017-12-22,500.0
2913,2017-12-23,500.0
2914,2017-12-24,500.0
2915,2017-12-25,450.0
2916,2017-12-26,450.0
2917,2017-12-27,450.0
2918,2017-12-28,400.0
2919,2017-12-29,400.0
2920,2017-12-30,400.0
2921,2017-12-31,425.0
2922,2018-01-01,431.25
2923,2018-01-02,437.5
2924,2018-01-03,443.75
2925,2018-01-04,450.0
2926,2018-01-05,450.0
2927,2018-01-06,450.0
2928,2018-01-07,450.0
2929,2018-01-08,450.0
2930,2018-01-09,450.0
2931,2018-01-10,450.0
2932,2018-01-11,450.0
2933,2018-01-12,450.0
2934,2018-01-13,450.0
2935,2018-01-14,500.0
2936,2018-01-15,525.0
2937,2018-01-16,525.0
2938,2018-01-17,525.0
2939,2018-01-18,525.0
2940,2018-01-19,525.0
2941,2018-01-20,525.0
2942,2018-01-21,550.0
2943,2018-01-22,550.0
2944,2018-01-23,575.0
2945,2018-01-24,575.0
2946,2018-01-25,575.0
2947,2018-01-26,525.0
2948,2018-01-27,525.0
2949,2018-01-28,525.0
2950,2018-01-29,525.0
2951,2018-01-30,525.0
2952,2018-01-31,550.0
2953,2018-02-01,550.0
2954,2018-02-02,550.0
2955,2018-02-03,550.0
2956,2018-02-04,550.0
2957,2018-02-05,550.0
2958,2018-02-06,550.0
2959,2018-02-07,575.0
2960,2018-02-08,575.0
2961,2018-02-09,575.0
2962,2018-02-10,575.0
2963,2018-02-11,575.0
2964,2018-02-12,575.0
2965,2018-02-13,575.0
2966,2018-02-14,575.0
2967,2018-02-15,575.0
2968,2018-02-16,575.0
2969,2018-02-17,575.0
2970,2018-02-18,600.0
2971,2018-02-19,625.0
2972,2018-02-20,625.0
2973,2018-02-21,625.0
2974,2018-02-22,625.0
2975,2018-02-23,625.0
2976,2018-02-24,600.0
2977,2018-02-25,625.0
2978,2018-02-26,625.0
2979,2018-02-27,625.0
2980,2018-02-28,625.0
2981,2018-03-01,625.0
2982,2018-03-02,650.0
2983,2018-03-03,650.0
2984,2018-03-04,675.0
2985,2018-03-05,675.0
2986,2018-03-06,700.0
2987,2018-03-07,700.0
2988,2018-03-08,700.0
2989,2018-03-09,700.0
2990,2018-03-10,700.0
2991,2018-03-11,700.0
2992,2018-03-12,700.0
2993,2018-03-13,700.0
2994,2018-03-14,700.0
2995,2018-03-15,775.0
2996,2018-03-16,825.0
2997,2018-03-17,825.0
2998,2018-03-18,825.0
2999,2018-03-19,825.0
3000,2018-03-20,825.0
3001,2018-03-21,900.0
3002,2018-03-22,900.0
3003,2018-03-23,900.0
3004,2018-03-24,1000.0
3005,2018-03-25,1000.0
3006,2018-03-26,1000.0
3007,2018-03-27,1050.0
3008,2018-03-28,1050.0
3009,2018-03-29,1050.0
3010,2018-03-30,1050.0
3011,2018-03-31,1050.0
3012,2018-04-01,1200.0
3013,2018-04-02,1225.0
3014,2018-04-03,1225.0
3015,2018-04-04,1275.0
3016,2018-04-05,1150.0
3017,2018-04-06,1150.0
3018,2018-04-07,1150.0
3019,2018-04-08,1050.0
3020,2018-04-09,1050.0
3021,2018-04-10,1100.0
3022,2018-04-11,1100.0
3023,2018-04-12,1050.0
3024,2018-04-13,1050.0
3025,2018-04-14,1200.0
3026,2018-04-15,1200.0
3027,2018-04-16,1300.0
3028,2018-04-17,1300.0
3029,2018-04-18,1225.0
3030,2018-04-19,1250.0
3031,2018-04-20,1250.0
3032,2018-04-21,1275.0
3033,2018-04-22,1308.3333333333333
3034,2018-04-23,1341.6666666666667
3035,2018-04-24,1375.0
3036,2018-04-25,1350.0
3037,2018-04-26,1325.0
3038,2018-04-27,1325.0
3039,2018-04-28,1325.0
3040,2018-04-29,1325.0
3041,2018-04-30,1350.0
3042,2018-05-01,1375.0
3043,2018-05-02,1375.0
3044,2018-05-03,1350.0
3045,2018-05-04,1300.0
3046,2018-05-05,1300.0
3047,2018-05-06,1300.0
3048,2018-05-07,1300.0
3049,2018-05-08,1325.0
3050,2018-05-09,1300.0
3051,2018-05-10,1350.0
3052,2018-05-11,1350.0
3053,2018-05-12,1350.0
3054,2018-05-13,1350.0
3055,2018-05-14,1350.0
3056,2018-05-15,1375.0
3057,2018-05-16,1300.0
3058,2018-05-17,1300.0
3059,2018-05-18,1325.0
3060,2018-05-19,1300.0
3061,2018-05-20,1300.0
3062,2018-05-21,1325.0
3063,2018-05-22,1375.0
3064,2018-05-23,1350.0
3065,2018-05-24,1350.0
3066,2018-05-25,1250.0
3067,2018-05-26,1250.0
3068,2018-05-27,1250.0
3069,2018-05-28,1250.0
3070,2018-05-29,1250.0
3071,2018-05-30,1250.0
3072,2018-05-31,1250.0
3073,2018-06-01,1250.0
3074,2018-06-02,1350.0
3075,2018-06-03,1350.0
3076,2018-06-04,1350.0
3077,2018-06-05,1350.0
3078,2018-06-06,1350.0
3079,2018-06-07,1350.0
3080,2018-06-08,1350.0
3081,2018-06-09,1387.5
3082,2018-06-10,1425.0
3083,2018-06-11,1425.0
3084,2018-06-12,1425.0
3085,2018-06-13,1400.0
3086,2018-06-14,1350.0
3087,2018-06-15,1350.0
3088,2018-06-16,1425.0
3089,2018-06-17,1375.0
3090,2018-06-18,1375.0
3091,2018-06-19,1375.0
3092,2018-06-20,1450.0
3093,2018-06-21,1450.0
3094,2018-06-22,1450.0
3095,2018-06-23,1450.0
3096,2018-06-24,1425.0
3097,2018-06-25,1425.0
3098,2018-06-26,1425.0
3099,2018-06-27,1425.0
3100,2018-06-28,1450.0
3101,2018-06-29,1450.0
3102,2018-06-30,1400.0
3103,2018-07-01,1425.0
3104,2018-07-02,1400.0
3105,2018-07-03,1375.0
3106,2018-07-04,1425.0
3107,2018-07-05,1425.0
3108,2018-07-06,1425.0
3109,2018-07-07,1350.0
3110,2018-07-08,1375.0
3111,2018-07-09,1375.0
3112,2018-07-10,1400.0
3113,2018-07-11,1400.0
3114,2018-07-12,1400.0
3115,2018-07-13,1325.0
3116,2018-07-14,1350.0
3117,2018-07-15,1350.0
3118,2018-07-16,1375.0
3119,2018-07-17,1350.0
3120,2018-07-18,1375.0
3121,2018-07-19,1350.0
3122,2018-07-20,1350.0
3123,2018-07-21,1450.0
3124,2018-07-22,1375.0
3125,2018-07-23,1375.0
3126,2018-07-24,1475.0
3127,2018-07-25,1450.0
3128,2018-07-26,1450.0
3129,2018-07-27,1425.0
3130,2018-07-28,1475.0
3131,2018-07-29,1450.0
3132,2018-07-30,1425.0
3133,2018-07-31,1350.0
3134,2018-08-01,1350.0
3135,2018-08-02,1350.0
3136,2018-08-03,1375.0
3137,2018-08-04,1350.0
3138,2018-08-05,1400.0
3139,2018-08-06,1400.0
3140,2018-08-07,1400.0
3141,2018-08-08,1375.0
3142,2018-08-09,1325.0
3143,2018-08-10,1325.0
3144,2018-08-11,1325.0
3145,2018-08-12,1350.0
3146,2018-08-13,1325.0
3147,2018-08-14,1350.0
3148,2018-08-15,1350.0
3149,2018-08-16,1350.0
3150,2018-08-17,1350.0
3151,2018-08-18,1350.0
3152,2018-08-19,1350.0
3153,2018-08-20,1350.0
3154,2018-08-21,1350.0
3155,2018-08-22,1350.0
3156,2018-08-23,1350.0
3157,2018-08-24,1350.0
3158,2018-08-25,1400.0
3159,2018-08-26,1400.0
3160,2018-08-27,1400.0
3161,2018-08-28,1400.0
3162,2018-08-29,1400.0
3163,2018-08-30,1375.0
3164,2018-08-31,1375.0
3165,2018-09-01,1300.0
3166,2018-09-02,1350.0
3167,2018-09-03,1350.0
3168,2018-09-04,1350.0
3169,2018-09-05,1350.0
3170,2018-09-06,1350.0
3171,2018-09-07,1300.0
3172,2018-09-08,1300.0
3173,2018-09-09,1300.0
3174,2018-09-10,1300.0
3175,2018-09-11,1350.0
3176,2018-09-12,1200.0
3177,2018-09-13,1200.0
3178,2018-09-14,1200.0
3179,2018-09-15,1200.0
3180,2018-09-16,1250.0
3181,2018-09-17,1250.0
3182,2018-09-18,1300.0
3183,2018-09-19,1300.0
3184,2018-09-20,1300.0
3185,2018-09-21,1300.0
3186,2018-09-22,1400.0
3187,2018-09-23,1400.0
3188,2018-09-24,1400.0
3189,2018-09-25,1400.0
3190,2018-09-26,1375.0
3191,2018-09-27,1350.0
3192,2018-09-28,1375.0
3193,2018-09-29,1375.0
3194,2018-09-30,1400.0
3195,2018-10-01,1400.0
3196,2018-10-02,1400.0
3197,2018-10-03,1400.0
3198,2018-10-04,1275.0
3199,2018-10-05,1325.0
3200,2018-10-06,1425.0
3201,2018-10-07,1425.0
3202,2018-10-08,1425.0
3203,2018-10-09,1400.0
3204,2018-10-10,1425.0
3205,2018-10-11,1425.0
3206,2018-10-12,1450.0
3207,2018-10-13,1500.0
3208,2018-10-14,1475.0
3209,2018-10-15,1475.0
3210,2018-10-16,1450.0
3211,2018-10-17,1450.0
3212,2018-10-18,1450.0
3213,2018-10-19,1450.0
3214,2018-10-20,1375.0
3215,2018-10-21,1425.0
3216,2018-10-22,1425.0
3217,2018-10-23,1425.0
3218,2018-10-24,1425.0
3219,2018-10-25,1475.0
3220,2018-10-26,1475.0
3221,2018-10-27,1300.0
3222,2018-10-28,1275.0
3223,2018-10-29,1275.0
3224,2018-10-30,1275.0
3225,2018-10-31,1275.0
3226,2018-11-01,1250.0
3227,2018-11-02,1275.0
3228,2018-11-03,1275.0
3229,2018-11-04,1300.0
3230,2018-11-05,1300.0
3231,2018-11-06,1300.0
3232,2018-11-07,1300.0
3233,2018-11-08,1300.0
3234,2018-11-09,1300.0
3235,2018-11-10,1300.0
3236,2018-11-11,1300.0
3237,2018-11-12,1300.0
3238,2018-11-13,1300.0
3239,2018-11-14,1300.0
3240,2018-11-15,1300.0
3241,2018-11-16,1150.0
3242,2018-11-17,1150.0
3243,2018-11-18,1050.0
3244,2018-11-19,1050.0
3245,2018-11-20,1250.0
3246,2018-11-21,1275.0
3247,2018-11-22,1100.0
3248,2018-11-23,1100.0
3249,2018-11-24,1100.0
3250,2018-11-25,1150.0
3251,2018-11-26,1175.0
3252,2018-11-27,1150.0
3253,2018-11-28,1100.0
3254,2018-11-29,1100.0
3255,2018-11-30,1150.0
3256,2018-12-01,975.0
3257,2018-12-02,975.0
3258,2018-12-03,975.0
3259,2018-12-04,825.0
3260,2018-12-05,825.0
3261,2018-12-06,850.0
3262,2018-12-07,800.0
3263,2018-12-08,700.0
3264,2018-12-09,650.0
3265,2018-12-10,650.0
3266,2018-12-11,650.0
3267,2018-12-12,750.0
3268,2018-12-13,750.0
3269,2018-12-14,750.0
3270,2018-12-15,775.0
3271,2018-12-16,775.0
3272,2018-12-17,775.0
3273,2018-12-18,750.0
3274,2018-12-19,750.0
3275,2018-12-20,750.0
3276,2018-12-21,750.0
3277,2018-12-22,750.0
3278,2018-12-23,550.0
3279,2018-12-24,550.0
3280,2018-12-25,550.0
3281,2018-12-26,550.0
3282,2018-12-27,700.0
3283,2018-12-28,700.0
3284,2018-12-29,700.0
3285,2018-12-30,700.0
3286,2018-12-31,700.0
3287,2019-01-01,700.0
3288,2019-01-02,700.0
3289,2019-01-03,700.0
3290,2019-01-04,800.0
3291,2019-01-05,825.0
3292,2019-01-06,850.0
3293,2019-01-07,850.0
3294,2019-01-08,850.0
3295,2019-01-09,900.0
3296,2019-01-10,900.0
3297,2019-01-11,925.0
3298,2019-01-12,900.0
3299,2019-01-13,900.0
3300,2019-01-14,900.0
3301,2019-01-15,900.0
3302,2019-01-16,900.0
3303,2019-01-17,950.0
3304,2019-01-18,900.0
3305,2019-01-19,950.0
3306,2019-01-20,950.0
3307,2019-01-21,950.0
3308,2019-01-22,925.0
3309,2019-01-23,900.0
3310,2019-01-24,900.0
3311,2019-01-25,950.0
3312,2019-01-26,950.0
3313,2019-01-27,950.0
3314,2019-01-28,950.0
3315,2019-01-29,1000.0
3316,2019-01-30,1000.0
3317,2019-01-31,900.0
3318,2019-02-01,900.0
3319,2019-02-02,900.0
3320,2019-02-03,850.0
3321,2019-02-04,850.0
3322,2019-02-05,850.0
3323,2019-02-06,850.0
3324,2019-02-07,800.0
3325,2019-02-08,800.0
3326,2019-02-09,800.0
3327,2019-02-10,825.0
3328,2019-02-11,825.0
3329,2019-02-12,825.0
3330,2019-02-13,825.0
3331,2019-02-14,850.0
3332,2019-02-15,700.0
3333,2019-02-16,700.0
3334,2019-02-17,700.0
3335,2019-02-18,700.0
3336,2019-02-19,800.0
3337,2019-02-20,675.0
3338,2019-02-21,675.0
3339,2019-02-22,650.0
3340,2019-02-23,650.0
3341,2019-02-24,650.0
3342,2019-02-25,650.0
3343,2019-02-26,650.0
3344,2019-02-27,775.0
3345,2019-02-28,737.5
3346,2019-03-01,700.0
3347,2019-03-02,800.0
3348,2019-03-03,700.0
3349,2019-03-04,700.0
3350,2019-03-05,700.0
3351,2019-03-06,700.0
3352,2019-03-07,700.0
3353,2019-03-08,750.0
3354,2019-03-09,900.0
3355,2019-03-10,725.0
3356,2019-03-11,725.0
3357,2019-03-12,725.0
3358,2019-03-13,725.0
3359,2019-03-14,800.0
3360,2019-03-15,800.0
3361,2019-03-16,700.0
3362,2019-03-17,725.0
3363,2019-03-18,700.0
3364,2019-03-19,750.0
3365,2019-03-20,725.0
3366,2019-03-21,800.0
3367,2019-03-22,800.0
3368,2019-03-23,800.0
3369,2019-03-24,800.0
3370,2019-03-25,800.0
3371,2019-03-26,800.0
3372,2019-03-27,850.0
3373,2019-03-28,850.0
3374,2019-03-29,875.0
3375,2019-03-30,875.0
3376,2019-03-31,700.0
3377,2019-04-01,700.0
3378,2019-04-02,750.0
3379,2019-04-03,700.0
3380,2019-04-04,700.0
3381,2019-04-05,700.0
3382,2019-04-06,700.0
3383,2019-04-07,750.0
3384,2019-04-08,750.0
3385,2019-04-09,750.0
3386,2019-04-10,750.0
3387,2019-04-11,750.0
3388,2019-04-12,725.0
3389,2019-04-13,725.0
3390,2019-04-14,825.0
3391,2019-04-15,825.0
3392,2019-04-16,825.0
3393,2019-04-17,775.0
3394,2019-04-18,775.0
3395,2019-04-19,950.0
3396,2019-04-20,950.0
3397,2019-04-21,900.0
3398,2019-04-22,900.0
3399,2019-04-23,900.0
3400,2019-04-24,900.0
3401,2019-04-25,900.0
3402,2019-04-26,850.0
3403,2019-04-27,900.0
3404,2019-04-28,875.0
3405,2019-04-29,875.0
3406,2019-04-30,875.0
3407,2019-05-01,875.0
3408,2019-05-02,875.0
3409,2019-05-03,875.0
3410,2019-05-04,875.0
3411,2019-05-05,925.0
3412,2019-05-06,925.0
3413,2019-05-07,925.0
3414,2019-05-08,925.0
3415,2019-05-09,925.0
3416,2019-05-10,900.0
3417,2019-05-11,900.0
3418,2019-05-12,900.0
3419,2019-05-13,900.0
3420,2019-05-14,900.0
3421,2019-05-15,900.0
3422,2019-05-16,900.0
3423,2019-05-17,900.0
3424,2019-05-18,900.0
3425,2019-05-19,900.0
3426,2019-05-20,900.0
3427,2019-05-21,925.0
3428,2019-05-22,925.0
3429,2019-05-23,925.0
3430,2019-05-24,925.0
3431,2019-05-25,875.0
3432,2019-05-26,875.0
3433,2019-05-27,875.0
3434,2019-05-28,900.0
3435,2019-05-29,900.0
3436,2019-05-30,900.0
3437,2019-05-31,900.0
3438,2019-06-01,900.0
3439,2019-06-02,950.0
3440,2019-06-03,950.0
3441,2019-06-04,950.0
3442,2019-06-05,950.0
3443,2019-06-06,925.0
3444,2019-06-07,925.0
3445,2019-06-08,925.0
3446,2019-06-09,925.0
3447,2019-06-10,925.0
3448,2019-06-11,925.0
3449,2019-06-12,925.0
3450,2019-06-13,925.0
3451,2019-06-14,925.0
3452,2019-06-15,1075.0
3453,2019-06-16,1050.0
3454,2019-06-17,1075.0
3455,2019-06-18,1050.0
3456,2019-06-19,1050.0
3457,2019-06-20,1050.0
3458,2019-06-21,1050.0
3459,2019-06-22,1050.0
3460,2019-06-23,1050.0
3461,2019-06-24,1050.0
3462,2019-06-25,1000.0
3463,2019-06-26,1000.0
3464,2019-06-27,1000.0
3465,2019-06-28,1000.0
3466,2019-06-29,1000.0
3467,2019-06-30,975.0
3468,2019-07-01,975.0
3469,2019-07-02,975.0
3470,2019-07-03,1025.0
3471,2019-07-04,1000.0
3472,2019-07-05,1000.0
3473,2019-07-06,975.0
3474,2019-07-07,950.0
3475,2019-07-08,925.0
3476,2019-07-09,975.0
3477,2019-07-10,975.0
3478,2019-07-11,1000.0
3479,2019-07-12,975.0
3480,2019-07-13,1000.0
3481,2019-07-14,1050.0
3482,2019-07-15,1050.0
3483,2019-07-16,1050.0
3484,2019-07-17,950.0
3485,2019-07-18,975.0
3486,2019-07-19,975.0
3487,2019-07-20,975.0
3488,2019-07-21,950.0
3489,2019-07-22,950.0
3490,2019-07-23,900.0
3491,2019-07-24,900.0
3492,2019-07-25,900.0
3493,2019-07-26,925.0
3494,2019-07-27,950.0
3495,2019-07-28,950.0
3496,2019-07-29,950.0
3497,2019-07-30,950.0
3498,2019-07-31,950.0
3499,2019-08-01,925.0
3500,2019-08-02,950.0
3501,2019-08-03,1000.0
3502,2019-08-04,1000.0
3503,2019-08-05,1000.0
3504,2019-08-06,975.0
3505,2019-08-07,975.0
3506,2019-08-08,975.0
3507,2019-08-09,975.0
3508,2019-08-10,1000.0
3509,2019-08-11,1075.0
3510,2019-08-12,1075.0
3511,2019-08-13,1075.0
3512,2019-08-14,1100.0
3513,2019-08-15,1100.0
3514,2019-08-16,1100.0
3515,2019-08-17,1062.5
3516,2019-08-18,1025.0
3517,2019-08-19,1025.0
3518,2019-08-20,1025.0
3519,2019-08-21,1025.0
3520,2019-08-22,1025.0
3521,2019-08-23,975.0
3522,2019-08-24,975.0
3523,2019-08-25,975.0
3524,2019-08-26,975.0
3525,2019-08-27,975.0
3526,2019-08-28,1000.0
3527,2019-08-29,975.0
3528,2019-08-30,1000.0
3529,2019-08-31,1000.0
3530,2019-09-01,1000.0
3531,2019-09-02,1000.0
3532,2019-09-03,1000.0
3533,2019-09-04,1000.0
3534,2019-09-05,1000.0
3535,2019-09-06,1000.0
3536,2019-09-07,1000.0
3537,2019-09-08,1000.0
3538,2019-09-09,1000.0
3539,2019-09-10,1000.0
3540,2019-09-11,1000.0
3541,2019-09-12,1025.0
3542,2019-09-13,1025.0
3543,2019-09-14,1025.0
3544,2019-09-15,1050.0
3545,2019-09-16,1050.0
3546,2019-09-17,1025.0
3547,2019-09-18,1025.0
3548,2019-09-19,1025.0
3549,2019-09-20,975.0
3550,2019-09-21,1000.0
3551,2019-09-22,1000.0
3552,2019-09-23,1000.0
3553,2019-09-24,1025.0
3554,2019-09-25,1000.0
3555,2019-09-26,1000.0
3556,2019-09-27,1000.0
3557,2019-09-28,975.0
3558,2019-09-29,1100.0
3559,2019-09-30,1100.0
3560,2019-10-01,1100.0
3561,2019-10-02,1175.0
3562,2019-10-03,1175.0
3563,2019-10-04,1225.0
3564,2019-10-05,1225.0
3565,2019-10-06,1225.0
3566,2019-10-07,1225.0
3567,2019-10-08,1250.0
3568,2019-10-09,1250.0
3569,2019-10-10,1250.0
3570,2019-10-11,1200.0
3571,2019-10-12,1200.0
3572,2019-10-13,1200.0
3573,2019-10-14,1200.0
3574,2019-10-15,1200.0
3575,2019-10-16,1250.0
3576,2019-10-17,1250.0
3577,2019-10-18,1250.0
3578,2019-10-19,1200.0
3579,2019-10-20,1250.0
3580,2019-10-21,1250.0
3581,2019-10-22,1200.0
3582,2019-10-23,1325.0
3583,2019-10-24,1325.0
3584,2019-10-25,1325.0
3585,2019-10-26,1325.0
3586,2019-10-27,1333.3333333333333
3587,2019-10-28,1341.6666666666667
3588,2019-10-29,1350.0
3589,2019-10-30,1358.3333333333333
3590,2019-10-31,1366.6666666666667
3591,2019-11-01,1375.0
3592,2019-11-02,1575.0
3593,2019-11-03,1575.0
3594,2019-11-04,1575.0
3595,2019-11-05,1575.0
3596,2019-11-06,1550.0
3597,2019-11-07,1550.0
3598,2019-11-08,1525.0
3599,2019-11-09,1525.0
3600,2019-11-10,1550.0
3601,2019-11-11,1550.0
3602,2019-11-12,1550.0
3603,2019-11-13,1525.0
3604,2019-11-14,1500.0
3605,2019-11-15,1500.0
3606,2019-11-16,1500.0
3607,2019-11-17,1500.0
3608,2019-11-18,1500.0
3609,2019-11-19,1450.0
3610,2019-11-20,1450.0
3611,2019-11-21,1450.0
3612,2019-11-22,1275.0
3613,2019-11-23,1275.0
3614,2019-11-24,1400.0
3615,2019-11-25,1400.0
3616,2019-11-26,1350.0
3617,2019-11-27,1250.0
3618,2019-11-28,1275.0
3619,2019-11-29,1325.0
3620,2019-11-30,1316.6666666666667
3621,2019-12-01,1308.3333333333333
3622,2019-12-02,1300.0
3623,2019-12-03,1250.0
3624,2019-12-04,1400.0
3625,2019-12-05,1400.0
3626,2019-12-06,1400.0
3627,2019-12-07,1375.0
3628,2019-12-08,1400.0
3629,2019-12-09,1400.0
3630,2019-12-10,1400.0
3631,2019-12-11,1525.0
3632,2019-12-12,1400.0
3633,2019-12-13,1537.5
3634,2019-12-14,1675.0
3635,2019-12-15,1850.0
3636,2019-12-16,2025.0
3637,2019-12-17,2000.0
3638,2019-12-18,1975.0
3639,2019-12-19,1975.0
3640,2019-12-20,1862.5
3641,2019-12-21,1750.0
3642,2019-12-22,1725.0
3643,2019-12-23,1700.0
3644,2019-12-24,1700.0
3645,2019-12-25,1775.0
3646,2019-12-26,1775.0
3647,2019-12-27,1762.5
3648,2019-12-28,1750.0
3649,2019-12-29,1800.0
3650,2019-12-30,1800.0
3651,2019-12-31,1800.0
3652,2020-01-01,1815.0
3653,2020-01-02,1830.0
3654,2020-01-03,1845.0
3655,2020-01-04,1860.0
3656,2020-01-05,1875.0
3657,2020-01-06,1950.0
3658,2020-01-07,2050.0
3659,2020-01-08,2175.0
3660,2020-01-09,2175.0
3661,2020-01-10,2125.0
3662,2020-01-11,2125.0
3663,2020-01-12,2025.0
3664,2020-01-13,2025.0
3665,2020-01-14,2025.0
3666,2020-01-15,2025.0
3667,2020-01-16,2050.0
3668,2020-01-17,1850.0
3669,2020-01-18,1850.0
3670,2020-01-19,2000.0
3671,2020-01-20,2000.0
3672,2020-01-21,1925.0
3673,2020-01-22,1950.0
3674,2020-01-23,1825.0
3675,2020-01-24,1625.0
3676,2020-01-25,1625.0
3677,2020-01-26,1550.0
3678,2020-01-27,1550.0
3679,2020-01-28,1150.0
3680,2020-01-29,1150.0
3681,2020-01-30,1100.0
3682,2020-01-31,1050.0
3683,2020-02-01,1100.0
3684,2020-02-02,1150.0
3685,2020-02-03,1200.0
3686,2020-02-04,1150.0
3687,2020-02-05,1150.0
3688,2020-02-06,1125.0
3689,2020-02-07,1075.0
3690,2020-02-08,1075.0
3691,2020-02-09,1050.0
3692,2020-02-10,1050.0
3693,2020-02-11,1050.0
3694,2020-02-12,1100.0
3695,2020-02-13,1100.0
3696,2020-02-14,1100.0
3697,2020-02-15,1100.0
3698,2020-02-16,1000.0
3699,2020-02-17,975.0
3700,2020-02-18,1025.0
3701,2020-02-19,1050.0
3702,2020-02-20,1000.0
3703,2020-02-21,975.0
3704,2020-02-22,975.0
3705,2020-02-23,1000.0
3706,2020-02-24,1000.0
3707,2020-02-25,1200.0
3708,2020-02-26,1200.0
3709,2020-02-27,1200.0
3710,2020-02-28,1200.0
3711,2020-02-29,1200.0
3712,2020-03-01,1187.5
3713,2020-03-02,1175.0
3714,2020-03-03,1162.5
3715,2020-03-04,1150.0
3716,2020-03-05,1200.0
3717,2020-03-06,1100.0
3718,2020-03-07,1125.0
3719,2020-03-08,1125.0
3720,2020-03-09,1125.0
3721,2020-03-10,1183.3333333333333
3722,2020-03-11,1241.6666666666667
3723,2020-03-12,1300.0
3724,2020-03-13,1325.0
3725,2020-03-14,1325.0
3726,2020-03-15,1287.5
3727,2020-03-16,1250.0
3728,2020-03-17,1200.0
3729,2020-03-18,1200.0
3730,2020-03-19,1225.0
3731,2020-03-20,1275.0
3732,2020-03-21,1425.0
3733,2020-03-22,1441.666666666667
3734,2020-03-23,1458.333333333333
3735,2020-03-24,1475.0
3736,2020-03-25,1518.75
3737,2020-03-26,1562.5
3738,2020-03-27,1606.25
3739,2020-03-28,1650.0
3740,2020-03-29,1450.0
3741,2020-03-30,1475.0
3742,2020-03-31,1525.0
3743,2020-04-01,1569.4444444444446
3744,2020-04-02,1613.888888888889
3745,2020-04-03,1658.333333333333
3746,2020-04-04,1702.7777777777776
3747,2020-04-05,1747.2222222222224
3748,2020-04-06,1791.6666666666665
3749,2020-04-07,1836.111111111111
3750,2020-04-08,1880.555555555556
3751,2020-04-09,1925.0
3752,2020-04-10,1875.0
3753,2020-04-11,1700.0
3754,2020-04-12,1800.0
3755,2020-04-13,1750.0
3756,2020-04-14,1700.0
3757,2020-04-15,1750.0
3758,2020-04-16,1625.0
3759,2020-04-17,1662.5
3760,2020-04-18,1700.0
3761,2020-04-19,1700.0
3762,2020-04-20,1675.0
3763,2020-04-21,1712.0
3764,2020-04-22,1700.0
3765,2020-04-23,1650.0
3766,2020-04-24,1650.0
3767,2020-04-25,1700.0
3768,2020-04-26,1725.0
3769,2020-04-27,1700.0
3770,2020-04-28,1700.0
3771,2020-04-29,1675.0
3772,2020-04-30,1675.0
3773,2020-05-01,1685.0
3774,2020-05-02,1695.0
3775,2020-05-03,1705.0
3776,2020-05-04,1715.0
3777,2020-05-05,1725.0
3778,2020-05-06,1725.0
3779,2020-05-07,1800.0
3780,2020-05-08,1808.333333333333
3781,2020-05-09,1816.666666666667
3782,2020-05-10,1825.0
3783,2020-05-11,1833.333333333333
3784,2020-05-12,1841.666666666667
3785,2020-05-13,1850.0
3786,2020-05-14,1750.0
3787,2020-05-15,1650.0
3788,2020-05-16,1600.0
3789,2020-05-17,1575.0
3790,2020-05-18,1600.0
3791,2020-05-19,1575.0
3792,2020-05-20,1600.0
3793,2020-05-21,1550.0
3794,2020-05-22,1562.0
3795,2020-05-23,1550.0
3796,2020-05-24,1650.0
3797,2020-05-25,1650.0
3798,2020-05-26,1637.5
3799,2020-05-27,1625.0
3800,2020-05-28,1625.0
3801,2020-05-29,1625.0
3802,2020-05-30,1600.0
3803,2020-05-31,1650.0
3804,2020-06-01,1650.0
3805,2020-06-02,1650.0
3806,2020-06-03,1650.0
3807,2020-06-04,1650.0
3808,2020-06-05,1650.0
3809,2020-06-06,1650.0
3810,2020-06-07,1675.0
3811,2020-06-08,1675.0
3812,2020-06-09,1700.0
3813,2020-06-10,1725.0
3814,2020-06-11,1675.0
3815,2020-06-12,1725.0
3816,2020-06-13,1756.0
3817,2020-06-14,1787.0
3818,2020-06-15,1800.0
3819,2020-06-16,1800.0
3820,2020-06-17,1775.0
3821,2020-06-18,1762.0
3822,2020-06-19,1800.0
3823,2020-06-20,1775.0
3824,2020-06-21,1796.75
3825,2020-06-22,1818.5
3826,2020-06-23,1840.25
3827,2020-06-24,1862.0
3828,2020-06-25,1837.0
3829,2020-06-26,1825.0
3830,2020-06-27,1810.0
3831,2020-06-28,1795.0
3832,2020-06-29,1780.0
3833,2020-06-30,1765.0
3834,2020-07-01,1750.0
3835,2020-07-02,1735.0
3836,2020-07-03,1720.0
3837,2020-07-04,1705.0
3838,2020-07-05,1690.0
3839,2020-07-06,1675.0
3840,2020-07-07,1675.0
3841,2020-07-08,1775.0
3842,2020-07-09,1700.0
3843,2020-07-10,1887.0
3844,2020-07-11,1887.0
3845,2020-07-12,1883.0
3846,2020-07-13,1879.0
3847,2020-07-14,1875.0
3848,2020-07-15,1875.0
3849,2020-07-16,1925.0
3850,2020-07-17,1850.0
3851,2020-07-18,1875.0
3852,2020-07-19,1941.666666666667
3853,2020-07-20,2008.333333333333
3854,2020-07-21,2075.0
3855,2020-07-22,2100.0
3856,2020-07-23,2100.0
3857,2020-07-24,2100.0
3858,2020-07-25,2012.333333333333
3859,2020-07-26,1924.666666666667
3860,2020-07-27,1837.0
3861,2020-07-28,2087.0
3862,2020-07-29,2075.0
3863,2020-07-30,2050.0
3864,2020-07-31,2100.0
3865,2020-08-01,2116.6666666666665
3866,2020-08-02,2133.333333333333
3867,2020-08-03,2150.0
3868,2020-08-04,2166.6666666666665
3869,2020-08-05,2183.333333333333
3870,2020-08-06,2200.0
3871,2020-08-07,2216.6666666666665
3872,2020-08-08,2233.333333333333
3873,2020-08-09,2250.0
3874,2020-08-10,2275.0
3875,2020-08-11,2275.0
3876,2020-08-12,2262.5
3877,2020-08-13,2250.0
3878,2020-08-14,2300.0
3879,2020-08-15,2316.6666666666665
3880,2020-08-16,2333.333333333333
3881,2020-08-17,2350.0
3882,2020-08-18,2362.0
3883,2020-08-19,2350.0
3884,2020-08-20,2350.0
3885,2020-08-21,2312.0
3886,2020-08-22,2308.0
3887,2020-08-23,2304.0
3888,2020-08-24,2300.0
3889,2020-08-25,2325.0
3890,2020-08-26,2387.0
3891,2020-08-27,2375.0
3892,2020-08-28,2400.0
3893,2020-08-29,2400.0
3894,2020-08-30,2437.5
3895,2020-08-31,2475.0
