DATE,MODAL
2010-01-01,1250.0
2010-01-02,1375.0
2010-01-03,1262.5
2010-01-04,1150.0
2010-01-05,1125.0
2010-01-06,1137.5
2010-01-07,1150.0
2010-01-08,1150.0
2010-01-09,1141.6666666666667
2010-01-10,1133.3333333333333
2010-01-11,1125.0
2010-01-12,875.0
2010-01-13,1200.0
2010-01-14,1187.5
2010-01-15,1175.0
2010-01-16,1175.0
2010-01-17,1212.5
2010-01-18,1250.0
2010-01-19,1300.0
2010-01-20,1375.0
2010-01-21,1450.0
2010-01-22,1300.0
2010-01-23,1308.3333333333333
2010-01-24,1316.6666666666667
2010-01-25,1325.0
2010-01-26,1337.5
2010-01-27,1350.0
2010-01-28,1325.0
2010-01-29,1375.0
2010-01-30,1500.0
2010-01-31,1475.0
2010-02-01,1450.0
2010-02-02,1425.0
2010-02-03,1450.0
2010-02-04,1325.0
2010-02-05,1350.0
2010-02-06,1300.0
2010-02-07,1275.0
2010-02-08,1250.0
2010-02-09,1225.0
2010-02-10,1250.0
2010-02-11,1250.0
2010-02-12,1227.0
2010-02-13,1204.0
2010-02-14,1181.0
2010-02-15,1158.0
2010-02-16,1135.0
2010-02-17,1112.0
2010-02-18,1150.0
2010-02-19,1075.0
2010-02-20,1075.0
2010-02-21,1050.0
2010-02-22,1025.0
2010-02-23,975.0
2010-02-24,900.0
2010-02-25,875.0
2010-02-26,825.0
2010-02-27,806.25
2010-02-28,787.5
2010-03-01,768.75
2010-03-02,750.0
2010-03-03,725.0
2010-03-04,775.0
2010-03-05,875.0
2010-03-06,825.0
2010-03-07,825.0
2010-03-08,825.0
2010-03-09,825.0
2010-03-10,675.0
2010-03-11,775.0
2010-03-12,800.0
2010-03-13,741.6666666666666
2010-03-14,683.3333333333334
2010-03-15,625.0
2010-03-16,750.0
2010-03-17,700.0
2010-03-18,650.0
2010-03-19,575.0
2010-03-20,558.3333333333334
2010-03-21,541.6666666666666
2010-03-22,525.0
2010-03-23,625.0
2010-03-24,625.0
2010-03-25,625.0
2010-03-26,625.0
2010-03-27,525.0
2010-03-28,437.5
2010-03-29,350.0
2010-03-30,525.0
2010-03-31,525.0
2010-04-01,525.0
2010-04-02,600.0
2010-04-03,525.0
2010-04-04,512.5
2010-04-05,500.0
2010-04-06,550.0
2010-04-07,500.0
2010-04-08,500.0
2010-04-09,500.0
2010-04-10,500.0
2010-04-11,483.3333333333333
2010-04-12,466.6666666666667
2010-04-13,450.0
2010-04-14,487.0
2010-04-15,525.0
2010-04-16,500.0
2010-04-17,500.0
2010-04-18,493.5
2010-04-19,487.0
2010-04-20,500.0
2010-04-21,475.0
2010-04-22,475.0
2010-04-23,475.0
2010-04-24,475.0
2010-04-25,475.0
2010-04-26,475.0
2010-04-27,475.0
2010-04-28,475.0
2010-04-29,475.0
2010-04-30,475.0
2010-05-01,475.3333333333333
2010-05-02,475.6666666666667
2010-05-03,476.0
2010-05-04,475.0
2010-05-05,475.0
2010-05-06,487.0
2010-05-07,475.0
2010-05-08,475.0
2010-05-09,475.0
2010-05-10,475.0
2010-05-11,500.0
2010-05-12,450.0
2010-05-13,450.0
2010-05-14,500.0
2010-05-15,525.0
2010-05-16,525.0
2010-05-17,525.0
2010-05-18,543.5
2010-05-19,562.0
2010-05-20,550.0
2010-05-21,575.0
2010-05-22,562.3333333333334
2010-05-23,549.6666666666666
2010-05-24,537.0
2010-05-25,500.0
2010-05-26,500.0
2010-05-27,500.0
2010-05-28,550.0
2010-05-29,575.0
2010-05-30,575.0
2010-05-31,575.0
2010-06-01,537.0
2010-06-02,575.0
2010-06-03,575.0
2010-06-04,562.0
2010-06-05,525.0
2010-06-06,550.0
2010-06-07,575.0
2010-06-08,525.0
2010-06-09,800.0
2010-06-10,1075.0
2010-06-11,550.0
2010-06-12,550.0
2010-06-13,550.0
2010-06-14,550.0
2010-06-15,550.0
2010-06-16,550.0
2010-06-17,550.0
2010-06-18,550.0
2010-06-19,550.0
2010-06-20,556.0
2010-06-21,562.0
2010-06-22,562.0
2010-06-23,562.0
2010-06-24,1125.0
2010-06-25,562.0
2010-06-26,574.6666666666666
2010-06-27,587.3333333333334
2010-06-28,600.0
2010-06-29,600.0
2010-06-30,625.0
2010-07-01,600.0
2010-07-02,625.0
2010-07-03,625.0
2010-07-04,612.5
2010-07-05,600.0
2010-07-06,600.0
2010-07-07,600.0
2010-07-08,587.0
2010-07-09,625.0
2010-07-10,616.6666666666666
2010-07-11,608.3333333333334
2010-07-12,600.0
2010-07-13,625.0
2010-07-14,625.0
2010-07-15,625.0
2010-07-16,625.0
2010-07-17,625.0
2010-07-18,618.5
2010-07-19,612.0
2010-07-20,625.0
2010-07-21,625.0
2010-07-22,625.0
2010-07-23,625.0
2010-07-24,625.0
2010-07-25,625.0
2010-07-26,625.0
2010-07-27,628.5714285714286
2010-07-28,632.1428571428571
2010-07-29,635.7142857142857
2010-07-30,639.2857142857143
2010-07-31,642.8571428571429
2010-08-01,646.4285714285714
2010-08-02,650.0
2010-08-03,737.0
2010-08-04,825.0
2010-08-05,750.0
2010-08-06,750.0
2010-08-07,737.0
2010-08-08,737.0
2010-08-09,737.0
2010-08-10,743.5
2010-08-11,750.0
2010-08-12,850.0
2010-08-13,762.0
2010-08-14,753.6666666666666
2010-08-15,745.3333333333334
2010-08-16,737.0
2010-08-17,887.0
2010-08-18,875.0
2010-08-19,800.0
2010-08-20,800.0
2010-08-21,800.0
2010-08-22,800.0
2010-08-23,800.0
2010-08-24,800.0
2010-08-25,800.0
2010-08-26,800.0
2010-08-27,900.0
2010-08-28,933.3333333333334
2010-08-29,966.6666666666666
2010-08-30,1000.0
2010-08-31,1012.0
2010-09-01,1025.0
2010-09-02,1006.0
2010-09-03,987.0
2010-09-04,1062.0
2010-09-05,974.5
2010-09-06,887.0
2010-09-07,931.0
2010-09-08,975.0
2010-09-09,1100.0
2010-09-10,1050.0
2010-09-11,1108.3333333333333
2010-09-12,1166.6666666666667
2010-09-13,1225.0
2010-09-14,1225.0
2010-09-15,1250.0
2010-09-16,1300.0
2010-09-17,1300.0
2010-09-18,1500.0
2010-09-19,1458.3333333333333
2010-09-20,1416.6666666666667
2010-09-21,1375.0
2010-09-22,1333.3333333333333
2010-09-23,1291.6666666666667
2010-09-24,1250.0
2010-09-25,1350.0
2010-09-26,1450.0
2010-09-27,1550.0
2010-09-28,1375.0
2010-09-29,1625.0
2010-09-30,1450.0
2010-10-01,1700.0
2010-10-02,1683.3333333333333
2010-10-03,1666.6666666666667
2010-10-04,1650.0
2010-10-05,1625.0
2010-10-06,1575.0
2010-10-07,1600.0
2010-10-08,1582.5
2010-10-09,1565.0
2010-10-10,1547.5
2010-10-11,1530.0
2010-10-12,1512.5
2010-10-13,1495.0
2010-10-14,1477.5
2010-10-15,1460.0
2010-10-16,1442.5
2010-10-17,1425.0
2010-10-18,1407.5
2010-10-19,1390.0
2010-10-20,1372.5
2010-10-21,1355.0
2010-10-22,1337.5
2010-10-23,1320.0
2010-10-24,1302.5
2010-10-25,1285.0
2010-10-26,1267.5
2010-10-27,1250.0
2010-10-28,1250.0
2010-10-29,1312.0
2010-10-30,1250.0
2010-10-31,1275.0
2010-11-01,1300.0
2010-11-02,1325.0
2010-11-03,1325.0
2010-11-04,1350.0
2010-11-05,1375.0
2010-11-06,1400.0
2010-11-07,1425.0
2010-11-08,1450.0
2010-11-09,1625.0
2010-11-10,1625.0
2010-11-11,2000.0
2010-11-12,2375.0
2010-11-13,2083.3333333333335
2010-11-14,1791.6666666666665
2010-11-15,1500.0
2010-11-16,1500.0
2010-11-17,1725.0
2010-11-18,2000.0
2010-11-19,1950.0
2010-11-20,2058.3333333333335
2010-11-21,2166.6666666666665
2010-11-22,2275.0
2010-11-23,2200.0
2010-11-24,2125.0
2010-11-25,2000.0
2010-11-26,2125.0
2010-11-27,2000.0
2010-11-28,2000.0
2010-11-29,2000.0
2010-11-30,2000.0
2010-12-01,2000.0
2010-12-02,1875.0
2010-12-03,1875.0
2010-12-04,1625.0
2010-12-05,1625.0
2010-12-06,1625.0
2010-12-07,1625.0
2010-12-08,1625.0
2010-12-09,1625.0
2010-12-10,1750.0
2010-12-11,1833.3333333333333
2010-12-12,1916.6666666666667
2010-12-13,2000.0
2010-12-14,2375.0
2010-12-15,2250.0
2010-12-16,2250.0
2010-12-17,2625.0
2010-12-18,2875.0
2010-12-19,3250.0
2010-12-20,3625.0
2010-12-21,3250.0
2010-12-22,3000.0
2010-12-23,2750.0
2010-12-24,2500.0
2010-12-25,2500.0
2010-12-26,2500.0
2010-12-27,2500.0
2010-12-28,2875.0
2010-12-29,2750.0
2010-12-30,2666.6666666666665
2010-12-31,2583.3333333333335
2011-01-01,2500.0
2011-01-02,2562.5
2011-01-03,2625.0
2011-01-04,2625.0
2011-01-05,2500.0
2011-01-06,2500.0
2011-01-07,2500.0
2011-01-08,2500.0
2011-01-09,2500.0
2011-01-10,2500.0
2011-01-11,2500.0
2011-01-12,2250.0
2011-01-13,2375.0
2011-01-14,2312.5
2011-01-15,2250.0
2011-01-16,2187.5
2011-01-17,2125.0
2011-01-18,2000.0
2011-01-19,2000.0
2011-01-20,1875.0
2011-01-21,1750.0
2011-01-22,1500.0
2011-01-23,1437.5
2011-01-24,1375.0
2011-01-25,1375.0
2011-01-26,1187.5
2011-01-27,1000.0
2011-01-28,1050.0
2011-01-29,950.0
2011-01-30,975.0
2011-01-31,1000.0
2011-02-01,1125.0
2011-02-02,1050.0
2011-02-03,1062.5
2011-02-04,1075.0
2011-02-05,1056.25
2011-02-06,1037.5
2011-02-07,1018.75
2011-02-08,1000.0
2011-02-09,1050.0
2011-02-10,900.0
2011-02-11,956.25
2011-02-12,1012.5
2011-02-13,1068.75
2011-02-14,1125.0
2011-02-15,1100.0
2011-02-16,1100.0
2011-02-17,1100.0
2011-02-18,1000.0
2011-02-19,1000.0
2011-02-20,1058.3333333333333
2011-02-21,1116.6666666666667
2011-02-22,1175.0
2011-02-23,1025.0
2011-02-24,933.3333333333334
2011-02-25,841.6666666666666
2011-02-26,750.0
2011-02-27,750.0
2011-02-28,750.0
2011-03-01,700.0
2011-03-02,650.0
2011-03-03,600.0
2011-03-04,575.0
2011-03-05,625.0
2011-03-06,600.0
2011-03-07,575.0
2011-03-08,550.0
2011-03-09,500.0
2011-03-10,525.0
2011-03-11,512.5
2011-03-12,500.0
2011-03-13,516.6666666666666
2011-03-14,533.3333333333334
2011-03-15,550.0
2011-03-16,550.0
2011-03-17,500.0
2011-03-18,525.0
2011-03-19,550.0
2011-03-20,537.5
2011-03-21,525.0
2011-03-22,525.0
2011-03-23,500.0
2011-03-24,550.0
2011-03-25,500.0
2011-03-26,516.6666666666666
2011-03-27,533.3333333333334
2011-03-28,550.0
2011-03-29,550.0
2011-03-30,541.6666666666666
2011-03-31,533.3333333333334
2011-04-01,525.0
2011-04-02,525.0
2011-04-03,525.0
2011-04-04,525.0
2011-04-05,525.0
2011-04-06,525.0
2011-04-07,525.0
2011-04-08,475.0
2011-04-09,475.0
2011-04-10,475.0
2011-04-11,475.0
2011-04-12,487.5
2011-04-13,500.0
2011-04-14,490.0
2011-04-15,480.0
2011-04-16,470.0
2011-04-17,460.0
2011-04-18,450.0
2011-04-19,475.0
2011-04-20,500.0
2011-04-21,525.0
2011-04-22,525.0
2011-04-23,525.0
2011-04-24,537.5
2011-04-25,550.0
2011-04-26,525.0
2011-04-27,525.0
2011-04-28,525.0
2011-04-29,525.0
2011-04-30,550.0
2011-05-01,537.5
2011-05-02,525.0
2011-05-03,525.0
2011-05-04,550.0
2011-05-05,525.0
2011-05-06,550.0
2011-05-07,575.0
2011-05-08,600.0
2011-05-09,625.0
2011-05-10,563.0
2011-05-11,625.0
2011-05-12,625.0
2011-05-13,600.0
2011-05-14,625.0
2011-05-15,612.5
2011-05-16,600.0
2011-05-17,587.5
2011-05-18,575.0
2011-05-19,550.0
2011-05-20,625.0
2011-05-21,625.0
2011-05-22,625.0
2011-05-23,625.0
2011-05-24,675.0
2011-05-25,650.0
2011-05-26,600.0
2011-05-27,600.0
2011-05-28,591.6666666666666
2011-05-29,583.3333333333334
2011-05-30,575.0
2011-05-31,600.0
2011-06-01,525.0
2011-06-02,550.0
2011-06-03,525.0
2011-06-04,550.0
2011-06-05,550.0
2011-06-06,550.0
2011-06-07,600.0
2011-06-08,600.0
2011-06-09,600.0
2011-06-10,600.0
2011-06-11,575.0
2011-06-12,587.5
2011-06-13,600.0
2011-06-14,600.0
2011-06-15,675.0
2011-06-16,625.0
2011-06-17,600.0
2011-06-18,650.0
2011-06-19,650.0
2011-06-20,650.0
2011-06-21,675.0
2011-06-22,675.0
2011-06-23,625.0
2011-06-24,650.0
2011-06-25,666.6666666666666
2011-06-26,683.3333333333334
2011-06-27,700.0
2011-06-28,650.0
2011-06-29,625.0
2011-06-30,625.0
2011-07-01,725.0
2011-07-02,675.0
2011-07-03,691.6666666666666
2011-07-04,708.3333333333334
2011-07-05,725.0
2011-07-06,700.0
2011-07-07,725.0
2011-07-08,700.0
2011-07-09,1050.0
2011-07-10,962.5
2011-07-11,875.0
2011-07-12,800.0
2011-07-13,800.0
2011-07-14,800.0
2011-07-15,750.0
2011-07-16,700.0
2011-07-17,750.0
2011-07-18,800.0
2011-07-19,750.0
2011-07-20,775.0
2011-07-21,800.0
2011-07-22,750.0
2011-07-23,750.0
2011-07-24,750.0
2011-07-25,750.0
2011-07-26,725.0
2011-07-27,825.0
2011-07-28,750.0
2011-07-29,700.0
2011-07-30,725.0
2011-07-31,787.5
2011-08-01,850.0
2011-08-02,875.0
2011-08-03,837.5
2011-08-04,800.0
2011-08-05,750.0
2011-08-06,900.0
2011-08-07,912.5
2011-08-08,925.0
2011-08-09,900.0
2011-08-10,950.0
2011-08-11,925.0
2011-08-12,925.0
2011-08-13,943.75
2011-08-14,962.5
2011-08-15,981.25
2011-08-16,1000.0
2011-08-17,1125.0
2011-08-18,1200.0
2011-08-19,1200.0
2011-08-20,1225.0
2011-08-21,1225.0
2011-08-22,1225.0
2011-08-23,1225.0
2011-08-24,1225.0
2011-08-25,1225.0
2011-08-26,1231.25
2011-08-27,1237.5
2011-08-28,1243.75
2011-08-29,1250.0
2011-08-30,1150.0
2011-08-31,1225.0
2011-09-01,1191.6666666666667
2011-09-02,1158.3333333333333
2011-09-03,1125.0
2011-09-04,1162.5
2011-09-05,1200.0
2011-09-06,1225.0
2011-09-07,1150.0
2011-09-08,1125.0
2011-09-09,1125.0
2011-09-10,1050.0
2011-09-11,1025.0
2011-09-12,1000.0
2011-09-13,1000.0
2011-09-14,1000.0
2011-09-15,1000.0
2011-09-16,1000.0
2011-09-17,1100.0
2011-09-18,1075.0
2011-09-19,1050.0
2011-09-20,1000.0
2011-09-21,1025.0
2011-09-22,1050.0
2011-09-23,1100.0
2011-09-24,1100.0
2011-09-25,1087.5
2011-09-26,1075.0
2011-09-27,1062.5
2011-09-28,1050.0
2011-09-29,1037.5
2011-09-30,1025.0
2011-10-01,1025.0
2011-10-02,1000.0
2011-10-03,975.0
2011-10-04,950.0
2011-10-05,966.6666666666666
2011-10-06,983.3333333333334
2011-10-07,1000.0
2011-10-08,975.0
2011-10-09,950.0
2011-10-10,925.0
2011-10-11,925.0
2011-10-12,900.0
2011-10-13,900.0
2011-10-14,875.0
2011-10-15,866.6666666666666
2011-10-16,858.3333333333334
2011-10-17,850.0
2011-10-18,841.6666666666666
2011-10-19,833.3333333333334
2011-10-20,825.0
2011-10-21,825.0
2011-10-22,800.0
2011-10-23,800.0
2011-10-24,800.0
2011-10-25,800.0
2011-10-26,800.0
2011-10-27,800.0
2011-10-28,800.0
2011-10-29,800.0
2011-10-30,800.0
2011-10-31,800.0
2011-11-01,800.0
2011-11-02,800.0
2011-11-03,800.0
2011-11-04,800.0
2011-11-05,800.0
2011-11-06,800.0
2011-11-07,800.0
2011-11-08,800.0
2011-11-09,800.0
2011-11-10,800.0
2011-11-11,800.0
2011-11-12,800.0
2011-11-13,800.0
2011-11-14,800.0
2011-11-15,825.0
2011-11-16,800.0
2011-11-17,750.0
2011-11-18,700.0
2011-11-19,700.0
2011-11-20,675.0
2011-11-21,650.0
2011-11-22,700.0
2011-11-23,750.0
2011-11-24,750.0
2011-11-25,750.0
2011-11-26,650.0
2011-11-27,700.0
2011-11-28,750.0
2011-11-29,750.0
2011-11-30,800.0
2011-12-01,800.0
2011-12-02,800.0
2011-12-03,700.0
2011-12-04,725.0
2011-12-05,750.0
2011-12-06,750.0
2011-12-07,700.0
2011-12-08,700.0
2011-12-09,650.0
2011-12-10,650.0
2011-12-11,633.3333333333334
2011-12-12,616.6666666666666
2011-12-13,600.0
2011-12-14,650.0
2011-12-15,700.0
2011-12-16,650.0
2011-12-17,650.0
2011-12-18,600.0
2011-12-19,550.0
2011-12-20,575.0
2011-12-21,600.0
2011-12-22,550.0
2011-12-23,550.0
2011-12-24,550.0
2011-12-25,550.0
2011-12-26,550.0
2011-12-27,550.0
2011-12-28,550.0
2011-12-29,550.0
2011-12-30,500.0
2011-12-31,550.0
2012-01-01,535.7142857142857
2012-01-02,521.4285714285714
2012-01-03,507.1428571428571
2012-01-04,492.85714285714283
2012-01-05,478.57142857142856
2012-01-06,464.2857142857143
2012-01-07,450.0
2012-01-08,425.0
2012-01-09,400.0
2012-01-10,450.0
2012-01-11,450.0
2012-01-12,500.0
2012-01-13,450.0
2012-01-14,466.6666666666667
2012-01-15,483.3333333333333
2012-01-16,500.0
2012-01-17,600.0
2012-01-18,600.0
2012-01-19,575.0
2012-01-20,500.0
2012-01-21,500.0
2012-01-22,483.3333333333333
2012-01-23,466.6666666666667
2012-01-24,450.0
2012-01-25,450.0
2012-01-26,425.0
2012-01-27,400.0
2012-01-28,400.0
2012-01-29,425.0
2012-01-30,450.0
2012-01-31,425.0
2012-02-01,375.0
2012-02-02,387.0
2012-02-03,350.0
2012-02-04,375.0
2012-02-05,400.0
2012-02-06,425.0
2012-02-07,350.0
2012-02-08,400.0
2012-02-09,375.0
2012-02-10,400.0
2012-02-11,425.0
2012-02-12,462.5
2012-02-13,500.0
2012-02-14,450.0
2012-02-15,400.0
2012-02-16,400.0
2012-02-17,425.0
2012-02-18,400.0
2012-02-19,390.0
2012-02-20,380.0
2012-02-21,370.0
2012-02-22,360.0
2012-02-23,350.0
2012-02-24,350.0
2012-02-25,400.0
2012-02-26,400.0
2012-02-27,400.0
2012-02-28,450.0
2012-02-29,475.0
2012-03-01,475.0
2012-03-02,475.0
2012-03-03,450.0
2012-03-04,450.0
2012-03-05,450.0
2012-03-06,450.0
2012-03-07,450.0
2012-03-08,450.0
2012-03-09,450.0
2012-03-10,450.0
2012-03-11,454.1666666666667
2012-03-12,458.3333333333333
2012-03-13,462.5
2012-03-14,466.6666666666667
2012-03-15,470.8333333333333
2012-03-16,475.0
2012-03-17,479.1666666666667
2012-03-18,483.3333333333333
2012-03-19,487.5
2012-03-20,491.6666666666667
2012-03-21,495.8333333333333
2012-03-22,500.0
2012-03-23,475.0
2012-03-24,475.0
2012-03-25,475.0
2012-03-26,475.0
2012-03-27,450.0
2012-03-28,500.0
2012-03-29,500.0
2012-03-30,500.0
2012-03-31,500.0
2012-04-01,487.5
2012-04-02,475.0
2012-04-03,475.0
2012-04-04,500.0
2012-04-05,500.0
2012-04-06,500.0
2012-04-07,500.0
2012-04-08,500.0
2012-04-09,500.0
2012-04-10,500.0
2012-04-11,450.0
2012-04-12,450.0
2012-04-13,450.0
2012-04-14,450.0
2012-04-15,450.0
2012-04-16,450.0
2012-04-17,450.0
2012-04-18,450.0
2012-04-19,450.0
2012-04-20,450.0
2012-04-21,450.0
2012-04-22,425.0
2012-04-23,400.0
2012-04-24,400.0
2012-04-25,400.0
2012-04-26,400.0
2012-04-27,450.0
2012-04-28,450.0
2012-04-29,450.0
2012-04-30,450.0
2012-05-01,450.0
2012-05-02,450.0
2012-05-03,450.0
2012-05-04,450.0
2012-05-05,450.0
2012-05-06,450.0
2012-05-07,450.0
2012-05-08,425.0
2012-05-09,425.0
2012-05-10,425.0
2012-05-11,412.5
2012-05-12,400.0
2012-05-13,400.0
2012-05-14,400.0
2012-05-15,400.0
2012-05-16,400.0
2012-05-17,400.0
2012-05-18,400.0
2012-05-19,425.0
2012-05-20,425.0
2012-05-21,425.0
2012-05-22,425.0
2012-05-23,425.0
2012-05-24,425.0
2012-05-25,425.0
2012-05-26,400.0
2012-05-27,400.0
2012-05-28,400.0
2012-05-29,400.0
2012-05-30,400.0
2012-05-31,400.0
2012-06-01,400.0
2012-06-02,400.0
2012-06-03,400.0
2012-06-04,400.0
2012-06-05,400.0
2012-06-06,400.0
2012-06-07,400.0
2012-06-08,450.0
2012-06-09,450.0
2012-06-10,450.0
2012-06-11,450.0
2012-06-12,450.0
2012-06-13,425.0
2012-06-14,425.0
2012-06-15,450.0
2012-06-16,425.0
2012-06-17,431.0
2012-06-18,437.0
2012-06-19,425.0
2012-06-20,425.0
2012-06-21,425.0
2012-06-22,437.0
2012-06-23,449.6666666666667
2012-06-24,462.3333333333333
2012-06-25,475.0
2012-06-26,475.0
2012-06-27,475.0
2012-06-28,475.0
2012-06-29,475.0
2012-06-30,475.0
2012-07-01,487.5
2012-07-02,500.0
2012-07-03,500.0
2012-07-04,500.0
2012-07-05,575.0
2012-07-06,575.0
2012-07-07,550.0
2012-07-08,550.0
2012-07-09,550.0
2012-07-10,550.0
2012-07-11,550.0
2012-07-12,550.0
2012-07-13,575.0
2012-07-14,575.0
2012-07-15,562.5
2012-07-16,550.0
2012-07-17,550.0
2012-07-18,550.0
2012-07-19,550.0
2012-07-20,550.0
2012-07-21,558.3333333333334
2012-07-22,566.6666666666666
2012-07-23,575.0
2012-07-24,575.0
2012-07-25,575.0
2012-07-26,575.0
2012-07-27,563.0
2012-07-28,553.5
2012-07-29,544.0
2012-07-30,534.5
2012-07-31,525.0
2012-08-01,533.3333333333334
2012-08-02,541.6666666666666
2012-08-03,550.0
2012-08-04,550.0
2012-08-05,575.0
2012-08-06,600.0
2012-08-07,616.6666666666666
2012-08-08,633.3333333333334
2012-08-09,650.0
2012-08-10,650.0
2012-08-11,650.0
2012-08-12,662.5
2012-08-13,675.0
2012-08-14,650.0
2012-08-15,650.0
2012-08-16,650.0
2012-08-17,650.0
2012-08-18,650.0
2012-08-19,666.6666666666666
2012-08-20,683.3333333333334
2012-08-21,700.0
2012-08-22,700.0
2012-08-23,700.0
2012-08-24,700.0
2012-08-25,700.0
2012-08-26,675.0
2012-08-27,650.0
2012-08-28,650.0
2012-08-29,650.0
2012-08-30,650.0
2012-08-31,650.0
2012-09-01,650.0
2012-09-02,650.0
2012-09-03,650.0
2012-09-04,600.0
2012-09-05,600.0
2012-09-06,600.0
2012-09-07,650.0
2012-09-08,600.0
2012-09-09,600.0
2012-09-10,600.0
2012-09-11,600.0
2012-09-12,600.0
2012-09-13,575.0
2012-09-14,575.0
2012-09-15,558.3333333333334
2012-09-16,541.6666666666666
2012-09-17,525.0
2012-09-18,525.0
2012-09-19,512.5
2012-09-20,500.0
2012-09-21,500.0
2012-09-22,525.0
2012-09-23,550.0
2012-09-24,575.0
2012-09-25,550.0
2012-09-26,550.0
2012-09-27,525.0
2012-09-28,500.0
2012-09-29,650.0
2012-09-30,800.0
2012-10-01,950.0
2012-10-02,725.0
2012-10-03,500.0
2012-10-04,500.0
2012-10-05,500.0
2012-10-06,500.0
2012-10-07,500.0
2012-10-08,500.0
2012-10-09,500.0
2012-10-10,500.0
2012-10-11,500.0
2012-10-12,500.0
2012-10-13,500.0
2012-10-14,500.0
2012-10-15,500.0
2012-10-16,700.0
2012-10-17,800.0
2012-10-18,850.0
2012-10-19,850.0
2012-10-20,1050.0
2012-10-21,1075.0
2012-10-22,1100.0
2012-10-23,1125.0
2012-10-24,1112.5
2012-10-25,1100.0
2012-10-26,1100.0
2012-10-27,1100.0
2012-10-28,1100.0
2012-10-29,1100.0
2012-10-30,1093.75
2012-10-31,1087.5
2012-11-01,1081.25
2012-11-02,1075.0
2012-11-03,1068.75
2012-11-04,1062.5
2012-11-05,1056.25
2012-11-06,1050.0
2012-11-07,1025.0
2012-11-08,1000.0
2012-11-09,1000.0
2012-11-10,950.0
2012-11-11,950.0
2012-11-12,950.0
2012-11-13,950.0
2012-11-14,950.0
2012-11-15,950.0
2012-11-16,950.0
2012-11-17,1200.0
2012-11-18,1191.6666666666667
2012-11-19,1183.3333333333333
2012-11-20,1175.0
2012-11-21,1166.6666666666667
2012-11-22,1158.3333333333333
2012-11-23,1150.0
2012-11-24,1141.6666666666667
2012-11-25,1133.3333333333333
2012-11-26,1125.0
2012-11-27,1125.0
2012-11-28,1000.0
2012-11-29,1000.0
2012-11-30,1000.0
2012-12-01,1000.0
2012-12-02,1025.0
2012-12-03,1050.0
2012-12-04,1100.0
2012-12-05,1100.0
2012-12-06,1100.0
2012-12-07,1100.0
2012-12-08,1137.5
2012-12-09,1175.0
2012-12-10,1212.5
2012-12-11,1250.0
2012-12-12,1250.0
2012-12-13,1312.5
2012-12-14,1375.0
2012-12-15,1375.0
2012-12-16,1375.0
2012-12-17,1375.0
2012-12-18,1375.0
2012-12-19,1375.0
2012-12-20,1300.0
2012-12-21,1250.0
2012-12-22,1250.0
2012-12-23,1187.5
2012-12-24,1125.0
2012-12-25,1170.0
2012-12-26,1215.0
2012-12-27,1260.0
2012-12-28,1305.0
2012-12-29,1350.0
2012-12-30,1325.0
2012-12-31,1300.0
2013-01-01,1337.5
2013-01-02,1375.0
2013-01-03,1375.0
2013-01-04,1375.0
2013-01-05,1300.0
2013-01-06,1300.0
2013-01-07,1300.0
2013-01-08,1325.0
2013-01-09,1325.0
2013-01-10,1300.0
2013-01-11,1325.0
2013-01-12,1325.0
2013-01-13,1325.0
2013-01-14,1325.0
2013-01-15,1325.0
2013-01-16,1325.0
2013-01-17,1325.0
2013-01-18,1325.0
2013-01-19,1500.0
2013-01-20,1566.6666666666667
2013-01-21,1633.3333333333333
2013-01-22,1700.0
2013-01-23,1700.0
2013-01-24,1716.6666666666667
2013-01-25,1733.3333333333333
2013-01-26,1750.0
2013-01-27,1766.6666666666667
2013-01-28,1783.3333333333333
2013-01-29,1800.0
2013-01-30,1800.0
2013-01-31,2125.0
2013-02-01,2250.0
2013-02-02,2183.3333333333335
2013-02-03,2116.6666666666665
2013-02-04,2050.0
2013-02-05,1850.0
2013-02-06,1800.0
2013-02-07,1900.0
2013-02-08,1900.0
2013-02-09,1850.0
2013-02-10,1800.0
2013-02-11,1750.0
2013-02-12,1700.0
2013-02-13,1650.0
2013-02-14,1600.0
2013-02-15,1450.0
2013-02-16,1250.0
2013-02-17,1250.0
2013-02-18,1250.0
2013-02-19,1500.0
2013-02-20,1500.0
2013-02-21,1500.0
2013-02-22,1500.0
2013-02-23,1450.0
2013-02-24,1433.3333333333333
2013-02-25,1416.6666666666667
2013-02-26,1400.0
2013-02-27,1350.0
2013-02-28,1250.0
2013-03-01,1210.0
2013-03-02,1170.0
2013-03-03,1130.0
2013-03-04,1090.0
2013-03-05,1050.0
2013-03-06,1025.0
2013-03-07,1000.0
2013-03-08,1000.0
2013-03-09,1000.0
2013-03-10,1000.0
2013-03-11,1000.0
2013-03-12,1100.0
2013-03-13,1104.1666666666667
2013-03-14,1108.3333333333333
2013-03-15,1112.5
2013-03-16,1116.6666666666667
2013-03-17,1120.8333333333333
2013-03-18,1125.0
2013-03-19,1125.0
2013-03-20,1125.0
2013-03-21,1125.0
2013-03-22,1100.0
2013-03-23,1100.0
2013-03-24,1100.0
2013-03-25,1100.0
2013-03-26,1100.0
2013-03-27,1050.0
2013-03-28,1000.0
2013-03-29,1000.0
2013-03-30,1050.0
2013-03-31,1050.0
2013-04-01,1050.0
2013-04-02,1050.0
2013-04-03,1050.0
2013-04-04,1050.0
2013-04-05,1000.0
2013-04-06,1000.0
2013-04-07,950.0
2013-04-08,900.0
2013-04-09,900.0
2013-04-10,862.5
2013-04-11,825.0
2013-04-12,787.5
2013-04-13,750.0
2013-04-14,750.0
2013-04-15,750.0
2013-04-16,750.0
2013-04-17,750.0
2013-04-18,750.0
2013-04-19,750.0
2013-04-20,750.0
2013-04-21,750.0
2013-04-22,750.0
2013-04-23,750.0
2013-04-24,700.0
2013-04-25,700.0
2013-04-26,700.0
2013-04-27,700.0
2013-04-28,700.0
2013-04-29,700.0
2013-04-30,700.0
2013-05-01,750.0
2013-05-02,725.0
2013-05-03,725.0
2013-05-04,725.0
2013-05-05,775.0
2013-05-06,825.0
2013-05-07,825.0
2013-05-08,800.0
2013-05-09,750.0
2013-05-10,750.0
2013-05-11,750.0
2013-05-12,750.0
2013-05-13,750.0
2013-05-14,750.0
2013-05-15,750.0
2013-05-16,750.0
2013-05-17,750.0
2013-05-18,750.0
2013-05-19,750.0
2013-05-20,750.0
2013-05-21,750.0
2013-05-22,700.0
2013-05-23,700.0
2013-05-24,700.0
2013-05-25,700.0
2013-05-26,700.0
2013-05-27,700.0
2013-05-28,700.0
2013-05-29,800.0
2013-05-30,800.0
2013-05-31,1000.0
2013-06-01,1050.0
2013-06-02,1075.0
2013-06-03,1100.0
2013-06-04,1125.0
2013-06-05,1150.0
2013-06-06,1150.0
2013-06-07,1225.0
2013-06-08,1225.0
2013-06-09,1225.0
2013-06-10,1225.0
2013-06-11,1208.3333333333333
2013-06-12,1191.6666666666667
2013-06-13,1175.0
2013-06-14,1175.0
2013-06-15,1300.0
2013-06-16,1337.5
2013-06-17,1375.0
2013-06-18,1375.0
2013-06-19,1400.0
2013-06-20,1387.5
2013-06-21,1375.0
2013-06-22,1375.0
2013-06-23,1387.5
2013-06-24,1400.0
2013-06-25,1400.0
2013-06-26,1400.0
2013-06-27,1450.0
2013-06-28,1450.0
2013-06-29,1466.6666666666667
2013-06-30,1483.3333333333333
2013-07-01,1500.0
2013-07-02,1500.0
2013-07-03,1500.0
2013-07-04,1625.0
2013-07-05,1650.0
2013-07-06,1675.0
2013-07-07,1787.5
2013-07-08,1900.0
2013-07-09,1950.0
2013-07-10,1950.0
2013-07-11,1950.0
2013-07-12,1950.0
2013-07-13,1950.0
2013-07-14,1975.0
2013-07-15,2000.0
2013-07-16,2000.0
2013-07-17,2200.0
2013-07-18,2450.0
2013-07-19,2500.0
2013-07-20,2500.0
2013-07-21,2475.0
2013-07-22,2450.0
2013-07-23,2450.0
2013-07-24,2450.0
2013-07-25,2450.0
2013-07-26,2450.0
2013-07-27,2450.0
2013-07-28,2412.5
2013-07-29,2375.0
2013-07-30,2375.0
2013-07-31,2450.0
2013-08-01,2450.0
2013-08-02,2537.5
2013-08-03,2625.0
2013-08-04,2712.5
2013-08-05,2800.0
2013-08-06,3000.0
2013-08-07,2950.0
2013-08-08,2950.0
2013-08-09,3275.0
2013-08-10,3600.0
2013-08-11,3925.0
2013-08-12,4250.0
2013-08-13,3875.0
2013-08-14,3500.0
2013-08-15,3687.5
2013-08-16,3875.0
2013-08-17,3750.0
2013-08-18,3687.5
2013-08-19,3625.0
2013-08-20,3562.5
2013-08-21,3500.0
2013-08-22,3750.0
2013-08-23,3750.0
2013-08-24,3791.6666666666665
2013-08-25,3833.3333333333335
2013-08-26,3875.0
2013-08-27,3750.0
2013-08-28,3625.0
2013-08-29,3500.0
2013-08-30,3500.0
2013-08-31,3500.0
2013-09-01,3625.0
2013-09-02,3750.0
2013-09-03,3875.0
2013-09-04,3875.0
2013-09-05,3875.0
2013-09-06,3875.0
2013-09-07,3906.25
2013-09-08,3937.5
2013-09-09,3968.75
2013-09-10,4000.0
2013-09-11,4000.0
2013-09-12,4000.0
2013-09-13,4000.0
2013-09-14,4250.0
2013-09-15,4312.5
2013-09-16,4375.0
2013-09-17,4750.0
2013-09-18,4750.0
2013-09-19,4750.0
2013-09-20,4750.0
2013-09-21,4615.384615384615
2013-09-22,4480.7692307692305
2013-09-23,4346.153846153846
2013-09-24,4211.538461538462
2013-09-25,4076.923076923077
2013-09-26,3942.3076923076924
2013-09-27,3807.6923076923076
2013-09-28,3673.076923076923
2013-09-29,3538.4615384615386
2013-09-30,3403.846153846154
2013-10-01,3269.2307692307695
2013-10-02,3134.6153846153848
2013-10-03,3000.0
2013-10-04,3000.0
2013-10-05,3000.0
2013-10-06,3187.5
2013-10-07,3375.0
2013-10-08,3500.0
2013-10-09,3500.0
2013-10-10,3500.0
2013-10-11,3500.0
2013-10-12,3562.5
2013-10-13,3625.0
2013-10-14,3687.5
2013-10-15,3750.0
2013-10-16,4000.0
2013-10-17,4000.0
2013-10-18,4000.0
2013-10-19,4000.0
2013-10-20,4000.0
2013-10-21,4000.0
2013-10-22,4250.0
2013-10-23,5000.0
2013-10-24,5000.0
2013-10-25,5000.0
2013-10-26,5000.0
2013-10-27,5000.0
2013-10-28,5000.0
2013-10-29,4375.0
2013-10-30,4375.0
2013-10-31,4392.857142857143
2013-11-01,4410.714285714285
2013-11-02,4428.571428571428
2013-11-03,4446.428571428572
2013-11-04,4464.285714285715
2013-11-05,4482.142857142857
2013-11-06,4500.0
2013-11-07,4750.0
2013-11-08,4750.0
2013-11-09,4750.0
2013-11-10,4666.666666666667
2013-11-11,4583.333333333333
2013-11-12,4500.0
2013-11-13,4500.0
2013-11-14,4500.0
2013-11-15,4321.428571428572
2013-11-16,4142.857142857143
2013-11-17,3964.285714285714
2013-11-18,3785.714285714286
2013-11-19,3607.142857142857
2013-11-20,3428.5714285714284
2013-11-21,3250.0
2013-11-22,3125.0
2013-11-23,3375.0
2013-11-24,3062.5
2013-11-25,2750.0
2013-11-26,2750.0
2013-11-27,2500.0
2013-11-28,2500.0
2013-11-29,2375.0
2013-11-30,2250.0
2013-12-01,2187.5
2013-12-02,2125.0
2013-12-03,2125.0
2013-12-04,2125.0
2013-12-05,2125.0
2013-12-06,2125.0
2013-12-07,2000.0
2013-12-08,2000.0
2013-12-09,2000.0
2013-12-10,2000.0
2013-12-11,2000.0
2013-12-12,1850.0
2013-12-13,1700.0
2013-12-14,1550.0
2013-12-15,1400.0
2013-12-16,1250.0
2013-12-17,1250.0
2013-12-18,1250.0
2013-12-19,1250.0
2013-12-20,1250.0
2013-12-21,1250.0
2013-12-22,1250.0
2013-12-23,1250.0
2013-12-24,1250.0
2013-12-25,1250.0
2013-12-26,1250.0
2013-12-27,1250.0
2013-12-28,1250.0
2013-12-29,1250.0
2013-12-30,1250.0
2013-12-31,1250.0
2014-01-01,1250.0
2014-01-02,1250.0
2014-01-03,1250.0
2014-01-04,1250.0
2014-01-05,1275.0
2014-01-06,1300.0
2014-01-07,1300.0
2014-01-08,1300.0
2014-01-09,1300.0
2014-01-10,1300.0
2014-01-11,1300.0
2014-01-12,1300.0
2014-01-13,1300.0
2014-01-14,1283.3333333333333
2014-01-15,1266.6666666666667
2014-01-16,1250.0
2014-01-17,1200.0
2014-01-18,1150.0
2014-01-19,1112.5
2014-01-20,1075.0
2014-01-21,1050.0
2014-01-22,1050.0
2014-01-23,1050.0
2014-01-24,1075.0
2014-01-25,1125.0
2014-01-26,1100.0
2014-01-27,1075.0
2014-01-28,1075.0
2014-01-29,1075.0
2014-01-30,1050.0
2014-01-31,1050.0
2014-02-01,983.3333333333334
2014-02-02,916.6666666666666
2014-02-03,850.0
2014-02-04,850.0
2014-02-05,850.0
2014-02-06,850.0
2014-02-07,850.0
2014-02-08,850.0
2014-02-09,862.5
2014-02-10,875.0
2014-02-11,850.0
2014-02-12,825.0
2014-02-13,825.0
2014-02-14,650.0
2014-02-15,683.3333333333334
2014-02-16,716.6666666666666
2014-02-17,750.0
2014-02-18,750.0
2014-02-19,750.0
2014-02-20,750.0
2014-02-21,750.0
2014-02-22,750.0
2014-02-23,775.0
2014-02-24,800.0
2014-02-25,825.0
2014-02-26,850.0
2014-02-27,850.0
2014-02-28,850.0
2014-03-01,850.0
2014-03-02,850.0
2014-03-03,850.0
2014-03-04,850.0
2014-03-05,862.5
2014-03-06,875.0
2014-03-07,850.0
2014-03-08,850.0
2014-03-09,875.0
2014-03-10,900.0
2014-03-11,900.0
2014-03-12,900.0
2014-03-13,988.0
2014-03-14,988.0
2014-03-15,1025.0
2014-03-16,1025.0
2014-03-17,1025.0
2014-03-18,1025.0
2014-03-19,1025.0
2014-03-20,1025.0
2014-03-21,1000.0
2014-03-22,1000.0
2014-03-23,975.0
2014-03-24,950.0
2014-03-25,950.0
2014-03-26,950.0
2014-03-27,875.0
2014-03-28,900.0
2014-03-29,900.0
2014-03-30,900.0
2014-03-31,900.0
2014-04-01,900.0
2014-04-02,900.0
2014-04-03,900.0
2014-04-04,900.0
2014-04-05,900.0
2014-04-06,900.0
2014-04-07,900.0
2014-04-08,900.0
2014-04-09,900.0
2014-04-10,900.0
2014-04-11,900.0
2014-04-12,900.0
2014-04-13,900.0
2014-04-14,900.0
2014-04-15,900.0
2014-04-16,900.0
2014-04-17,900.0
2014-04-18,900.0
2014-04-19,900.0
2014-04-20,900.0
2014-04-21,900.0
2014-04-22,875.0
2014-04-23,875.0
2014-04-24,875.0
2014-04-25,875.0
2014-04-26,875.0
2014-04-27,875.0
2014-04-28,875.0
2014-04-29,875.0
2014-04-30,875.0
2014-05-01,875.0
2014-05-02,875.0
2014-05-03,900.0
2014-05-04,925.0
2014-05-05,950.0
2014-05-06,950.0
2014-05-07,950.0
2014-05-08,950.0
2014-05-09,950.0
2014-05-10,950.0
2014-05-11,975.0
2014-05-12,1000.0
2014-05-13,1000.0
2014-05-14,1000.0
2014-05-15,1000.0
2014-05-16,1000.0
2014-05-17,1050.0
2014-05-18,1050.0
2014-05-19,1050.0
2014-05-20,1000.0
2014-05-21,1000.0
2014-05-22,1000.0
2014-05-23,1000.0
2014-05-24,1000.0
2014-05-25,1000.0
2014-05-26,1000.0
2014-05-27,1000.0
2014-05-28,1050.0
2014-05-29,1050.0
2014-05-30,1050.0
2014-05-31,1100.0
2014-06-01,1075.0
2014-06-02,1050.0
2014-06-03,1050.0
2014-06-04,1050.0
2014-06-05,1087.5
2014-06-06,1125.0
2014-06-07,1125.0
2014-06-08,1125.0
2014-06-09,1125.0
2014-06-10,1125.0
2014-06-11,1125.0
2014-06-12,1125.0
2014-06-13,1225.0
2014-06-14,1225.0
2014-06-15,1237.5
2014-06-16,1250.0
2014-06-17,1500.0
2014-06-18,1625.0
2014-06-19,1625.0
2014-06-20,1625.0
2014-06-21,1600.0
2014-06-22,1575.0
2014-06-23,1550.0
2014-06-24,1550.0
2014-06-25,1550.0
2014-06-26,1550.0
2014-06-27,1550.0
2014-06-28,1750.0
2014-06-29,1750.0
2014-06-30,1750.0
2014-07-01,2000.0
2014-07-02,2016.6666666666667
2014-07-03,2033.3333333333333
2014-07-04,2050.0
2014-07-05,2066.6666666666665
2014-07-06,2083.3333333333335
2014-07-07,2100.0
2014-07-08,2100.0
2014-07-09,2100.0
2014-07-10,2100.0
2014-07-11,2100.0
2014-07-12,2100.0
2014-07-13,2100.0
2014-07-14,2100.0
2014-07-15,2100.0
2014-07-16,2100.0
2014-07-17,2000.0
2014-07-18,2000.0
2014-07-19,2000.0
2014-07-20,2000.0
2014-07-21,2000.0
2014-07-22,2000.0
2014-07-23,2000.0
2014-07-24,2000.0
2014-07-25,2000.0
2014-07-26,2000.0
2014-07-27,2000.0
2014-07-28,2000.0
2014-07-29,2000.0
2014-07-30,2000.0
2014-07-31,1950.0
2014-08-01,1950.0
2014-08-02,1883.3333333333333
2014-08-03,1816.6666666666667
2014-08-04,1750.0
2014-08-05,1750.0
2014-08-06,1750.0
2014-08-07,1750.0
2014-08-08,1750.0
2014-08-09,1700.0
2014-08-10,1700.0
2014-08-11,1700.0
2014-08-12,1700.0
2014-08-13,1550.0
2014-08-14,1541.6666666666667
2014-08-15,1533.3333333333333
2014-08-16,1525.0
2014-08-17,1516.6666666666667
2014-08-18,1508.3333333333333
2014-08-19,1500.0
2014-08-20,1500.0
2014-08-21,1500.0
2014-08-22,1550.0
2014-08-23,1550.0
2014-08-24,1550.0
2014-08-25,1550.0
2014-08-26,1550.0
2014-08-27,1550.0
2014-08-28,1575.0
2014-08-29,1560.0
2014-08-30,1545.0
2014-08-31,1530.0
2014-09-01,1515.0
2014-09-02,1500.0
2014-09-03,1500.0
2014-09-04,1500.0
2014-09-05,1500.0
2014-09-06,1500.0
2014-09-07,1500.0
2014-09-08,1500.0
2014-09-09,1500.0
2014-09-10,1500.0
2014-09-11,1525.0
2014-09-12,1550.0
2014-09-13,1550.0
2014-09-14,1550.0
2014-09-15,1550.0
2014-09-16,1550.0
2014-09-17,1500.0
2014-09-18,1500.0
2014-09-19,1500.0
2014-09-20,1500.0
2014-09-21,1500.0
2014-09-22,1500.0
2014-09-23,1500.0
2014-09-24,1500.0
2014-09-25,1450.0
2014-09-26,1450.0
2014-09-27,1450.0
2014-09-28,1450.0
2014-09-29,1450.0
2014-09-30,1440.0
2014-10-01,1430.0
2014-10-02,1420.0
2014-10-03,1410.0
2014-10-04,1400.0
2014-10-05,1400.0
2014-10-06,1400.0
2014-10-07,1400.0
2014-10-08,1250.0
2014-10-09,1250.0
2014-10-10,1250.0
2014-10-11,1450.0
2014-10-12,1450.0
2014-10-13,1450.0
2014-10-14,1500.0
2014-10-15,1625.0
2014-10-16,1550.0
2014-10-17,1550.0
2014-10-18,1550.0
2014-10-19,1550.0
2014-10-20,1550.0
2014-10-21,1550.0
2014-10-22,1550.0
2014-10-23,1556.25
2014-10-24,1562.5
2014-10-25,1568.75
2014-10-26,1575.0
2014-10-27,1581.25
2014-10-28,1587.5
2014-10-29,1593.75
2014-10-30,1600.0
2014-10-31,1606.25
2014-11-01,1612.5
2014-11-02,1618.75
2014-11-03,1625.0
2014-11-04,1625.0
2014-11-05,1625.0
2014-11-06,1625.0
2014-11-07,1625.0
2014-11-08,1625.0
2014-11-09,1625.0
2014-11-10,1625.0
2014-11-11,1625.0
2014-11-12,1625.0
2014-11-13,1550.0
2014-11-14,1550.0
2014-11-15,1491.6666666666667
2014-11-16,1433.3333333333333
2014-11-17,1375.0
2014-11-18,1375.0
2014-11-19,1375.0
2014-11-20,1550.0
2014-11-21,1625.0
2014-11-22,1700.0
2014-11-23,1700.0
2014-11-24,1700.0
2014-11-25,1700.0
2014-11-26,1700.0
2014-11-27,1700.0
2014-11-28,1700.0
2014-11-29,1662.5
2014-11-30,1625.0
2014-12-01,1587.5
2014-12-02,1550.0
2014-12-03,1550.0
2014-12-04,1550.0
2014-12-05,1550.0
2014-12-06,1550.0
2014-12-07,1550.0
2014-12-08,1550.0
2014-12-09,1550.0
2014-12-10,1625.0
2014-12-11,1625.0
2014-12-12,1656.25
2014-12-13,1687.5
2014-12-14,1718.75
2014-12-15,1750.0
2014-12-16,1750.0
2014-12-17,1750.0
2014-12-18,1750.0
2014-12-19,1781.25
2014-12-20,1812.5
2014-12-21,1843.75
2014-12-22,1875.0
2014-12-23,1875.0
2014-12-24,1875.0
2014-12-25,1833.3333333333333
2014-12-26,1791.6666666666667
2014-12-27,1750.0
2014-12-28,1750.0
2014-12-29,1750.0
2014-12-30,1750.0
2014-12-31,1750.0
2015-01-01,1750.0
2015-01-02,1750.0
2015-01-03,1750.0
2015-01-04,1750.0
2015-01-05,1750.0
2015-01-06,1500.0
2015-01-07,1500.0
2015-01-08,1500.0
2015-01-09,1500.0
2015-01-10,1458.3333333333333
2015-01-11,1416.6666666666667
2015-01-12,1375.0
2015-01-13,1375.0
2015-01-14,1437.5
2015-01-15,1500.0
2015-01-16,1500.0
2015-01-17,1500.0
2015-01-18,1500.0
2015-01-19,1500.0
2015-01-20,1375.0
2015-01-21,1375.0
2015-01-22,1500.0
2015-01-23,1500.0
2015-01-24,1500.0
2015-01-25,1500.0
2015-01-26,1500.0
2015-01-27,1500.0
2015-01-28,1500.0
2015-01-29,1500.0
2015-01-30,1500.0
2015-01-31,1500.0
2015-02-01,1500.0
2015-02-02,1500.0
2015-02-03,1500.0
2015-02-04,1500.0
2015-02-05,1500.0
2015-02-06,1500.0
2015-02-07,1500.0
2015-02-08,1500.0
2015-02-09,1500.0
2015-02-10,1500.0
2015-02-11,1500.0
2015-02-12,1500.0
2015-02-13,1500.0
2015-02-14,1500.0
2015-02-15,1500.0
2015-02-16,1500.0
2015-02-17,1500.0
2015-02-18,1500.0
2015-02-19,1500.0
2015-02-20,1500.0
2015-02-21,1500.0
2015-02-22,1500.0
2015-02-23,1500.0
2015-02-24,1500.0
2015-02-25,1500.0
2015-02-26,1500.0
2015-02-27,1500.0
2015-02-28,1500.0
2015-03-01,1500.0
2015-03-02,1500.0
2015-03-03,1500.0
2015-03-04,1500.0
2015-03-05,1500.0
2015-03-06,1525.0
2015-03-07,1550.0
2015-03-08,1575.0
2015-03-09,1600.0
2015-03-10,1600.0
2015-03-11,1600.0
2015-03-12,1600.0
2015-03-13,1600.0
2015-03-14,1600.0
2015-03-15,1600.0
2015-03-16,1600.0
2015-03-17,1600.0
2015-03-18,1500.0
2015-03-19,1500.0
2015-03-20,1375.0
2015-03-21,1316.6666666666667
2015-03-22,1258.3333333333333
2015-03-23,1200.0
2015-03-24,1200.0
2015-03-25,1200.0
2015-03-26,1225.0
2015-03-27,1250.0
2015-03-28,1166.6666666666667
2015-03-29,1083.3333333333333
2015-03-30,1000.0
2015-03-31,1000.0
2015-04-01,1016.6666666666666
2015-04-02,1033.3333333333333
2015-04-03,1050.0
2015-04-04,1050.0
2015-04-05,1050.0
2015-04-06,1050.0
2015-04-07,1050.0
2015-04-08,1100.0
2015-04-09,1100.0
2015-04-10,1100.0
2015-04-11,1100.0
2015-04-12,1100.0
2015-04-13,1100.0
2015-04-14,1100.0
2015-04-15,1100.0
2015-04-16,1100.0
2015-04-17,1100.0
2015-04-18,1100.0
2015-04-19,1100.0
2015-04-20,1100.0
2015-04-21,1100.0
2015-04-22,1100.0
2015-04-23,1050.0
2015-04-24,1050.0
2015-04-25,1050.0
2015-04-26,1066.6666666666667
2015-04-27,1083.3333333333333
2015-04-28,1100.0
2015-04-29,1100.0
2015-04-30,1100.0
2015-05-01,1100.0
2015-05-02,1100.0
2015-05-03,1100.0
2015-05-04,1100.0
2015-05-05,1200.0
2015-05-06,1100.0
2015-05-07,1100.0
2015-05-08,1125.0
2015-05-09,1150.0
2015-05-10,1275.0
2015-05-11,1400.0
2015-05-12,1400.0
2015-05-13,1400.0
2015-05-14,1400.0
2015-05-15,1400.0
2015-05-16,1400.0
2015-05-17,1400.0
2015-05-18,1400.0
2015-05-19,1400.0
2015-05-20,1450.0
2015-05-21,1450.0
2015-05-22,1450.0
2015-05-23,1450.0
2015-05-24,1450.0
2015-05-25,1450.0
2015-05-26,1450.0
2015-05-27,1500.0
2015-05-28,1500.0
2015-05-29,1500.0
2015-05-30,1500.0
2015-05-31,1500.0
2015-06-01,1500.0
2015-06-02,1500.0
2015-06-03,1500.0
2015-06-04,1500.0
2015-06-05,1500.0
2015-06-06,1550.0
2015-06-07,1650.0
2015-06-08,1750.0
2015-06-09,1900.0
2015-06-10,1900.0
2015-06-11,1900.0
2015-06-12,1900.0
2015-06-13,1900.0
2015-06-14,1900.0
2015-06-15,1900.0
2015-06-16,1850.0
2015-06-17,1850.0
2015-06-18,1800.0
2015-06-19,1750.0
2015-06-20,1750.0
2015-06-21,1750.0
2015-06-22,1750.0
2015-06-23,1750.0
2015-06-24,1750.0
2015-06-25,1730.7692307692307
2015-06-26,1711.5384615384614
2015-06-27,1692.3076923076924
2015-06-28,1673.076923076923
2015-06-29,1653.8461538461538
2015-06-30,1634.6153846153845
2015-07-01,1615.3846153846155
2015-07-02,1596.1538461538462
2015-07-03,1576.923076923077
2015-07-04,1557.6923076923076
2015-07-05,1538.4615384615386
2015-07-06,1519.2307692307693
2015-07-07,1500.0
2015-07-08,1500.0
2015-07-09,1500.0
2015-07-10,1550.0
2015-07-11,1550.0
2015-07-12,1650.0
2015-07-13,1750.0
2015-07-14,1750.0
2015-07-15,1750.0
2015-07-16,2000.0
2015-07-17,2000.0
2015-07-18,2000.0
2015-07-19,2000.0
2015-07-20,2000.0
2015-07-21,2125.0
2015-07-22,2250.0
2015-07-23,2300.0
2015-07-24,2300.0
2015-07-25,2400.0
2015-07-26,2425.0
2015-07-27,2450.0
2015-07-28,2625.0
2015-07-29,3125.0
2015-07-30,3062.5
2015-07-31,3000.0
2015-08-01,3000.0
2015-08-02,3000.0
2015-08-03,3000.0
2015-08-04,3375.0
2015-08-05,3375.0
2015-08-06,3375.0
2015-08-07,3375.0
2015-08-08,3250.0
2015-08-09,3250.0
2015-08-10,3250.0
2015-08-11,3375.0
2015-08-12,3375.0
2015-08-13,3375.0
2015-08-14,3479.1666666666665
2015-08-15,3583.3333333333335
2015-08-16,3687.5
2015-08-17,3791.6666666666665
2015-08-18,3895.8333333333335
2015-08-19,4000.0
2015-08-20,4312.5
2015-08-21,4625.0
2015-08-22,5125.0
2015-08-23,5312.5
2015-08-24,5500.0
2015-08-25,5500.0
2015-08-26,5500.0
2015-08-27,5500.0
2015-08-28,5500.0
2015-08-29,5458.333333333333
2015-08-30,5416.666666666667
2015-08-31,5375.0
2015-09-01,5000.0
2015-09-02,5000.0
2015-09-03,4625.0
2015-09-04,4625.0
2015-09-05,4500.0
2015-09-06,4375.0
2015-09-07,4250.0
2015-09-08,4250.0
2015-09-09,4625.0
2015-09-10,4625.0
2015-09-11,4750.0
2015-09-12,4750.0
2015-09-13,4750.0
2015-09-14,4750.0
2015-09-15,4625.0
2015-09-16,4625.0
2015-09-17,4562.5
2015-09-18,4500.0
2015-09-19,4500.0
2015-09-20,4361.111111111111
2015-09-21,4222.222222222223
2015-09-22,4083.3333333333335
2015-09-23,3944.4444444444443
2015-09-24,3805.5555555555557
2015-09-25,3666.666666666667
2015-09-26,3527.777777777778
2015-09-27,3388.8888888888887
2015-09-28,3250.0
2015-09-29,3375.0
2015-09-30,3375.0
2015-10-01,3375.0
2015-10-02,3343.75
2015-10-03,3312.5
2015-10-04,3281.25
2015-10-05,3250.0
2015-10-06,3250.0
2015-10-07,3000.0
2015-10-08,3000.0
2015-10-09,3000.0
2015-10-10,3000.0
2015-10-11,3000.0
2015-10-12,3000.0
2015-10-13,3000.0
2015-10-14,3000.0
2015-10-15,2875.0
2015-10-16,2750.0
2015-10-17,2666.6666666666665
2015-10-18,2583.3333333333335
2015-10-19,2500.0
2015-10-20,2250.0
2015-10-21,2250.0
2015-10-22,2350.0
2015-10-23,2450.0
2015-10-24,2550.0
2015-10-25,2650.0
2015-10-26,2750.0
2015-10-27,2750.0
2015-10-28,2875.0
2015-10-29,3000.0
2015-10-30,3000.0
2015-10-31,3166.6666666666665
2015-11-01,3333.3333333333335
2015-11-02,3500.0
2015-11-03,3500.0
2015-11-04,3500.0
2015-11-05,3500.0
2015-11-06,3500.0
2015-11-07,3500.0
2015-11-08,3500.0
2015-11-09,3500.0
2015-11-10,3500.0
2015-11-11,3346.153846153846
2015-11-12,3192.3076923076924
2015-11-13,3038.4615384615386
2015-11-14,2884.6153846153848
2015-11-15,2730.769230769231
2015-11-16,2576.923076923077
2015-11-17,2423.076923076923
2015-11-18,2269.2307692307695
2015-11-19,2115.3846153846152
2015-11-20,1961.5384615384617
2015-11-21,1807.6923076923078
2015-11-22,1653.8461538461538
2015-11-23,1500.0
2015-11-24,1500.0
2015-11-25,1500.0
2015-11-26,1500.0
2015-11-27,1500.0
2015-11-28,1500.0
2015-11-29,1500.0
2015-11-30,1500.0
2015-12-01,1500.0
2015-12-02,1650.0
2015-12-03,1650.0
2015-12-04,1650.0
2015-12-05,1575.0
2015-12-06,1537.5
2015-12-07,1500.0
2015-12-08,1500.0
2015-12-09,1500.0
2015-12-10,1500.0
2015-12-11,1500.0
2015-12-12,1500.0
2015-12-13,1500.0
2015-12-14,1500.0
2015-12-15,1500.0
2015-12-16,1500.0
2015-12-17,1500.0
2015-12-18,1400.0
2015-12-19,1400.0
2015-12-20,1400.0
2015-12-21,1400.0
2015-12-22,1390.0
2015-12-23,1380.0
2015-12-24,1370.0
2015-12-25,1360.0
2015-12-26,1350.0
2015-12-27,1387.5
2015-12-28,1425.0
2015-12-29,1462.5
2015-12-30,1500.0
2015-12-31,1500.0
2016-01-01,1500.0
2016-01-02,1500.0
2016-01-03,1500.0
2016-01-04,1500.0
2016-01-05,1500.0
2016-01-06,1500.0
2016-01-07,1500.0
2016-01-08,1350.0
2016-01-09,1350.0
2016-01-10,1350.0
2016-01-11,1350.0
2016-01-12,1250.0
2016-01-13,1250.0
2016-01-14,1250.0
2016-01-15,1250.0
2016-01-16,1175.0
2016-01-17,1175.0
2016-01-18,1175.0
2016-01-19,1175.0
2016-01-20,1175.0
2016-01-21,1200.0
2016-01-22,1200.0
2016-01-23,1200.0
2016-01-24,1175.0
2016-01-25,1150.0
2016-01-26,1150.0
2016-01-27,1150.0
2016-01-28,1150.0
2016-01-29,1150.0
2016-01-30,1100.0
2016-01-31,1100.0
2016-02-01,1100.0
2016-02-02,1100.0
2016-02-03,1100.0
2016-02-04,1100.0
2016-02-05,1000.0
2016-02-06,1000.0
2016-02-07,1000.0
2016-02-08,1000.0
2016-02-09,1000.0
2016-02-10,1000.0
2016-02-11,950.0
2016-02-12,950.0
2016-02-13,950.0
2016-02-14,950.0
2016-02-15,950.0
2016-02-16,950.0
2016-02-17,950.0
2016-02-18,950.0
2016-02-19,950.0
2016-02-20,950.0
2016-02-21,950.0
2016-02-22,950.0
2016-02-23,950.0
2016-02-24,950.0
2016-02-25,950.0
2016-02-26,950.0
2016-02-27,950.0
2016-02-28,950.0
2016-02-29,950.0
2016-03-01,950.0
2016-03-02,950.0
2016-03-03,950.0
2016-03-04,950.0
2016-03-05,950.0
2016-03-06,950.0
2016-03-07,950.0
2016-03-08,950.0
2016-03-09,950.0
2016-03-10,950.0
2016-03-11,941.6666666666666
2016-03-12,933.3333333333334
2016-03-13,925.0
2016-03-14,916.6666666666666
2016-03-15,908.3333333333334
2016-03-16,900.0
2016-03-17,850.0
2016-03-18,850.0
2016-03-19,850.0
2016-03-20,850.0
2016-03-21,850.0
2016-03-22,850.0
2016-03-23,850.0
2016-03-24,850.0
2016-03-25,850.0
2016-03-26,850.0
2016-03-27,850.0
2016-03-28,850.0
2016-03-29,850.0
2016-03-30,850.0
2016-03-31,850.0
2016-04-01,850.0
2016-04-02,840.0
2016-04-03,830.0
2016-04-04,820.0
2016-04-05,810.0
2016-04-06,800.0
2016-04-07,800.0
2016-04-08,800.0
2016-04-09,800.0
2016-04-10,800.0
2016-04-11,800.0
2016-04-12,800.0
2016-04-13,800.0
2016-04-14,790.0
2016-04-15,780.0
2016-04-16,770.0
2016-04-17,760.0
2016-04-18,750.0
2016-04-19,750.0
2016-04-20,750.0
2016-04-21,750.0
2016-04-22,750.0
2016-04-23,750.0
2016-04-24,775.0
2016-04-25,800.0
2016-04-26,800.0
2016-04-27,800.0
2016-04-28,800.0
2016-04-29,800.0
2016-04-30,800.0
2016-05-01,800.0
2016-05-02,800.0
2016-05-03,800.0
2016-05-04,800.0
2016-05-05,800.0
2016-05-06,800.0
2016-05-07,800.0
2016-05-08,800.0
2016-05-09,800.0
2016-05-10,800.0
2016-05-11,800.0
2016-05-12,800.0
2016-05-13,800.0
2016-05-14,800.0
2016-05-15,800.0
2016-05-16,800.0
2016-05-17,800.0
2016-05-18,750.0
2016-05-19,700.0
2016-05-20,700.0
2016-05-21,700.0
2016-05-22,700.0
2016-05-23,700.0
2016-05-24,700.0
2016-05-25,700.0
2016-05-26,650.0
2016-05-27,650.0
2016-05-28,650.0
2016-05-29,660.0
2016-05-30,670.0
2016-05-31,680.0
2016-06-01,690.0
2016-06-02,700.0
2016-06-03,700.0
2016-06-04,700.0
2016-06-05,700.0
2016-06-06,700.0
2016-06-07,700.0
2016-06-08,700.0
2016-06-09,700.0
2016-06-10,750.0
2016-06-11,750.0
2016-06-12,775.0
2016-06-13,800.0
2016-06-14,800.0
2016-06-15,775.0
2016-06-16,750.0
2016-06-17,750.0
2016-06-18,750.0
2016-06-19,750.0
2016-06-20,750.0
2016-06-21,750.0
2016-06-22,750.0
2016-06-23,900.0
2016-06-24,900.0
2016-06-25,900.0
2016-06-26,900.0
2016-06-27,900.0
2016-06-28,900.0
2016-06-29,900.0
2016-06-30,1175.0
2016-07-01,1450.0
2016-07-02,1266.6666666666667
2016-07-03,1083.3333333333333
2016-07-04,900.0
2016-07-05,900.0
2016-07-06,900.0
2016-07-07,850.0
2016-07-08,850.0
2016-07-09,850.0
2016-07-10,850.0
2016-07-11,850.0
2016-07-12,850.0
2016-07-13,900.0
2016-07-14,900.0
2016-07-15,850.0
2016-07-16,950.0
2016-07-17,950.0
2016-07-18,950.0
2016-07-19,950.0
2016-07-20,950.0
2016-07-21,950.0
2016-07-22,950.0
2016-07-23,933.3333333333334
2016-07-24,916.6666666666666
2016-07-25,900.0
2016-07-26,875.0
2016-07-27,850.0
2016-07-28,850.0
2016-07-29,850.0
2016-07-30,850.0
2016-07-31,850.0
2016-08-01,850.0
2016-08-02,850.0
2016-08-03,850.0
2016-08-04,800.0
2016-08-05,750.0
2016-08-06,750.0
2016-08-07,750.0
2016-08-08,750.0
2016-08-09,750.0
2016-08-10,750.0
2016-08-11,750.0
2016-08-12,750.0
2016-08-13,750.0
2016-08-14,741.6666666666666
2016-08-15,733.3333333333334
2016-08-16,725.0
2016-08-17,716.6666666666666
2016-08-18,708.3333333333334
2016-08-19,700.0
2016-08-20,750.0
2016-08-21,750.0
2016-08-22,750.0
2016-08-23,750.0
2016-08-24,700.0
2016-08-25,700.0
2016-08-26,700.0
2016-08-27,700.0
2016-08-28,700.0
2016-08-29,700.0
2016-08-30,700.0
2016-08-31,700.0
2016-09-01,700.0
2016-09-02,700.0
2016-09-03,700.0
2016-09-04,700.0
2016-09-05,700.0
2016-09-06,700.0
2016-09-07,700.0
2016-09-08,700.0
2016-09-09,700.0
2016-09-10,700.0
2016-09-11,700.0
2016-09-12,700.0
2016-09-13,700.0
2016-09-14,700.0
2016-09-15,700.0
2016-09-16,687.5
2016-09-17,675.0
2016-09-18,662.5
2016-09-19,650.0
2016-09-20,637.5
2016-09-21,625.0
2016-09-22,612.5
2016-09-23,600.0
2016-09-24,587.5
2016-09-25,575.0
2016-09-26,562.5
2016-09-27,550.0
2016-09-28,537.5
2016-09-29,525.0
2016-09-30,512.5
2016-10-01,500.0
2016-10-02,500.0
2016-10-03,500.0
2016-10-04,500.0
2016-10-05,500.0
2016-10-06,500.0
2016-10-07,625.0
2016-10-08,625.0
2016-10-09,656.25
2016-10-10,687.5
2016-10-11,718.75
2016-10-12,750.0
2016-10-13,750.0
2016-10-14,750.0
2016-10-15,750.0
2016-10-16,750.0
2016-10-17,750.0
2016-10-18,750.0
2016-10-19,750.0
2016-10-20,750.0
2016-10-21,750.0
2016-10-22,750.0
2016-10-23,750.0
2016-10-24,750.0
2016-10-25,750.0
2016-10-26,800.0
2016-10-27,800.0
2016-10-28,800.0
2016-10-29,800.0
2016-10-30,797.8632478632478
2016-10-31,795.7264957264957
2016-11-01,793.5897435897435
2016-11-02,791.4529914529915
2016-11-03,789.3162393162393
2016-11-04,787.1794871794872
2016-11-05,785.042735042735
2016-11-06,782.9059829059829
2016-11-07,780.7692307692307
2016-11-08,778.6324786324786
2016-11-09,776.4957264957264
2016-11-10,774.3589743589744
2016-11-11,772.2222222222222
2016-11-12,770.0854700854701
2016-11-13,767.9487179487179
2016-11-14,765.8119658119658
2016-11-15,763.6752136752136
2016-11-16,761.5384615384615
2016-11-17,759.4017094017094
2016-11-18,757.2649572649573
2016-11-19,755.1282051282051
2016-11-20,752.991452991453
2016-11-21,750.8547008547008
2016-11-22,748.7179487179487
2016-11-23,746.5811965811965
2016-11-24,744.4444444444445
2016-11-25,742.3076923076923
2016-11-26,740.1709401709402
2016-11-27,738.034188034188
2016-11-28,735.8974358974359
2016-11-29,733.7606837606837
2016-11-30,731.6239316239316
2016-12-01,729.4871794871794
2016-12-02,727.3504273504274
2016-12-03,725.2136752136752
2016-12-04,723.0769230769231
2016-12-05,720.9401709401709
2016-12-06,718.8034188034188
2016-12-07,716.6666666666666
2016-12-08,714.5299145299145
2016-12-09,712.3931623931624
2016-12-10,710.2564102564103
2016-12-11,708.1196581196581
2016-12-12,705.982905982906
2016-12-13,703.8461538461538
2016-12-14,701.7094017094017
2016-12-15,699.5726495726495
2016-12-16,697.4358974358975
2016-12-17,695.2991452991453
2016-12-18,693.1623931623932
2016-12-19,691.025641025641
2016-12-20,688.8888888888889
2016-12-21,686.7521367521367
2016-12-22,684.6153846153846
2016-12-23,682.4786324786324
2016-12-24,680.3418803418804
2016-12-25,678.2051282051282
2016-12-26,676.0683760683761
2016-12-27,673.9316239316239
2016-12-28,671.7948717948718
2016-12-29,669.6581196581196
2016-12-30,667.5213675213676
2016-12-31,665.3846153846154
2017-01-01,663.2478632478633
2017-01-02,661.1111111111111
2017-01-03,658.974358974359
2017-01-04,656.8376068376068
2017-01-05,654.7008547008547
2017-01-06,652.5641025641025
2017-01-07,650.4273504273505
2017-01-08,648.2905982905983
2017-01-09,646.1538461538462
2017-01-10,644.017094017094
2017-01-11,641.8803418803419
2017-01-12,639.7435897435897
2017-01-13,637.6068376068376
2017-01-14,635.4700854700855
2017-01-15,633.3333333333334
2017-01-16,631.1965811965812
2017-01-17,629.0598290598291
2017-01-18,626.9230769230769
2017-01-19,624.7863247863248
2017-01-20,622.6495726495726
2017-01-21,620.5128205128206
2017-01-22,618.3760683760684
2017-01-23,616.2393162393163
2017-01-24,614.1025641025641
2017-01-25,611.965811965812
2017-01-26,609.8290598290598
2017-01-27,607.6923076923077
2017-01-28,605.5555555555555
2017-01-29,603.4188034188035
2017-01-30,601.2820512820513
2017-01-31,599.1452991452992
2017-02-01,597.008547008547
2017-02-02,594.8717948717949
2017-02-03,592.7350427350427
2017-02-04,590.5982905982905
2017-02-05,588.4615384615385
2017-02-06,586.3247863247864
2017-02-07,584.1880341880342
2017-02-08,582.051282051282
2017-02-09,579.9145299145299
2017-02-10,577.7777777777778
2017-02-11,575.6410256410256
2017-02-12,573.5042735042734
2017-02-13,571.3675213675214
2017-02-14,569.2307692307693
2017-02-15,567.0940170940171
2017-02-16,564.9572649572649
2017-02-17,562.8205128205128
2017-02-18,560.6837606837607
2017-02-19,558.5470085470085
2017-02-20,556.4102564102564
2017-02-21,554.2735042735043
2017-02-22,552.1367521367522
2017-02-23,550.0
2017-02-24,600.0
2017-02-25,650.0
2017-02-26,650.0
2017-02-27,650.0
2017-02-28,650.0
2017-03-01,650.0
2017-03-02,650.0
2017-03-03,650.0
2017-03-04,650.0
2017-03-05,650.0
2017-03-06,650.0
2017-03-07,650.0
2017-03-08,675.0
2017-03-09,625.0
2017-03-10,625.0
2017-03-11,625.0
2017-03-12,625.0
2017-03-13,625.0
2017-03-14,625.0
2017-03-15,625.0
2017-03-16,625.0
2017-03-17,625.0
2017-03-18,600.0
2017-03-19,600.0
2017-03-20,575.0
2017-03-21,600.0
2017-03-22,600.0
2017-03-23,600.0
2017-03-24,600.0
2017-03-25,600.0
2017-03-26,625.0
2017-03-27,650.0
2017-03-28,650.0
2017-03-29,650.0
2017-03-30,650.0
2017-03-31,625.0
2017-04-01,625.0
2017-04-02,625.0
2017-04-03,625.0
2017-04-04,625.0
2017-04-05,650.0
2017-04-06,650.0
2017-04-07,625.0
2017-04-08,625.0
2017-04-09,625.0
2017-04-10,600.0
2017-04-11,600.0
2017-04-12,675.0
2017-04-13,675.0
2017-04-14,650.0
2017-04-15,650.0
2017-04-16,625.0
2017-04-17,625.0
2017-04-18,625.0
2017-04-19,625.0
2017-04-20,650.0
2017-04-21,650.0
2017-04-22,650.0
2017-04-23,650.0
2017-04-24,650.0
2017-04-25,650.0
2017-04-26,650.0
2017-04-27,625.0
2017-04-28,650.0
2017-04-29,650.0
2017-04-30,625.0
2017-05-01,575.0
2017-05-02,600.0
2017-05-03,550.0
2017-05-04,550.0
2017-05-05,550.0
2017-05-06,550.0
2017-05-07,600.0
2017-05-08,600.0
2017-05-09,600.0
2017-05-10,600.0
2017-05-11,600.0
2017-05-12,550.0
2017-05-13,550.0
2017-05-14,525.0
2017-05-15,500.0
2017-05-16,500.0
2017-05-17,500.0
2017-05-18,500.0
2017-05-19,500.0
2017-05-20,500.0
2017-05-21,500.0
2017-05-22,550.0
2017-05-23,550.0
2017-05-24,550.0
2017-05-25,550.0
2017-05-26,550.0
2017-05-27,575.0
2017-05-28,550.0
2017-05-29,550.0
2017-05-30,525.0
2017-05-31,525.0
2017-06-01,525.0
2017-06-02,525.0
2017-06-03,525.0
2017-06-04,575.0
2017-06-05,575.0
2017-06-06,575.0
2017-06-07,575.0
2017-06-08,600.0
2017-06-09,600.0
2017-06-10,600.0
2017-06-11,600.0
2017-06-12,600.0
2017-06-13,600.0
2017-06-14,650.0
2017-06-15,650.0
2017-06-16,600.0
2017-06-17,625.0
2017-06-18,650.0
2017-06-19,650.0
2017-06-20,650.0
2017-06-21,650.0
2017-06-22,650.0
2017-06-23,650.0
2017-06-24,650.0
2017-06-25,650.0
2017-06-26,650.0
2017-06-27,650.0
2017-06-28,625.0
2017-06-29,625.0
2017-06-30,625.0
2017-07-01,625.0
2017-07-02,625.0
2017-07-03,625.0
2017-07-04,625.0
2017-07-05,625.0
2017-07-06,625.0
2017-07-07,625.0
2017-07-08,625.0
2017-07-09,625.0
2017-07-10,625.0
2017-07-11,625.0
2017-07-12,625.0
2017-07-13,625.0
2017-07-14,650.0
2017-07-15,700.0
2017-07-16,700.0
2017-07-17,700.0
2017-07-18,700.0
2017-07-19,700.0
2017-07-20,700.0
2017-07-21,725.0
2017-07-22,725.0
2017-07-23,850.0
2017-07-24,850.0
2017-07-25,850.0
2017-07-26,925.0
2017-07-27,1000.0
2017-07-28,1050.0
2017-07-29,1425.0
2017-07-30,1525.0
2017-07-31,1525.0
2017-08-01,1475.0
2017-08-02,1475.0
2017-08-03,1800.0
2017-08-04,1800.0
2017-08-05,2500.0
2017-08-06,2500.0
2017-08-07,2500.0
2017-08-08,2500.0
2017-08-09,2500.0
2017-08-10,2625.0
2017-08-11,2550.0
2017-08-12,2400.0
2017-08-13,2325.0
2017-08-14,2325.0
2017-08-15,2050.0
2017-08-16,2050.0
2017-08-17,2150.0
2017-08-18,2150.0
2017-08-19,2200.0
2017-08-20,2200.0
2017-08-21,2200.0
2017-08-22,2375.0
2017-08-23,2375.0
2017-08-24,2375.0
2017-08-25,2000.0
2017-08-26,2000.0
2017-08-27,1962.5
2017-08-28,1925.0
2017-08-29,1875.0
2017-08-30,1875.0
2017-08-31,1875.0
2017-09-01,1875.0
2017-09-02,1875.0
2017-09-03,1875.0
2017-09-04,1875.0
2017-09-05,1875.0
2017-09-06,1875.0
2017-09-07,1875.0
2017-09-08,1875.0
2017-09-09,1675.0
2017-09-10,1675.0
2017-09-11,1675.0
2017-09-12,1675.0
2017-09-13,1425.0
2017-09-14,1425.0
2017-09-15,1375.0
2017-09-16,1400.0
2017-09-17,1500.0
2017-09-18,1500.0
2017-09-19,1500.0
2017-09-20,1500.0
2017-09-21,1525.0
2017-09-22,1525.0
2017-09-23,1500.0
2017-09-24,1700.0
2017-09-25,1700.0
2017-09-26,1700.0
2017-09-27,1700.0
2017-09-28,1575.0
2017-09-29,1575.0
2017-09-30,1637.5
2017-10-01,1700.0
2017-10-02,1700.0
2017-10-03,1700.0
2017-10-04,1650.0
2017-10-05,1650.0
2017-10-06,2000.0
2017-10-07,2000.0
2017-10-08,2000.0
2017-10-09,2000.0
2017-10-10,2375.0
2017-10-11,2300.0
2017-10-12,2475.0
2017-10-13,2700.0
2017-10-14,2725.0
2017-10-15,2500.0
2017-10-16,2375.0
2017-10-17,2250.0
2017-10-18,2125.0
2017-10-19,2333.3333333333335
2017-10-20,2541.6666666666665
2017-10-21,2750.0
2017-10-22,2958.3333333333335
2017-10-23,3166.666666666667
2017-10-24,3375.0
2017-10-25,3125.0
2017-10-26,3062.5
2017-10-27,3000.0
2017-10-28,2843.75
2017-10-29,2687.5
2017-10-30,2531.25
2017-10-31,2375.0
2017-11-01,2375.0
2017-11-02,2375.0
2017-11-03,2375.0
2017-11-04,2750.0
2017-11-05,2875.0
2017-11-06,3000.0
2017-11-07,2875.0
2017-11-08,3000.0
2017-11-09,2750.0
2017-11-10,2750.0
2017-11-11,2750.0
2017-11-12,2375.0
2017-11-13,2250.0
2017-11-14,2250.0
2017-11-15,2500.0
2017-11-16,2750.0
2017-11-17,3000.0
2017-11-18,2750.0
2017-11-19,2875.0
2017-11-20,2875.0
2017-11-21,3250.0
2017-11-22,3625.0
2017-11-23,3625.0
2017-11-24,3625.0
2017-11-25,3625.0
2017-11-26,4000.0
2017-11-27,4250.0
2017-11-28,4250.0
2017-11-29,4000.0
2017-11-30,4000.0
2017-12-01,3000.0
2017-12-02,3000.0
2017-12-03,3000.0
2017-12-04,2875.0
2017-12-05,3000.0
2017-12-06,3125.0
2017-12-07,3000.0
2017-12-08,3375.0
2017-12-09,3375.0
2017-12-10,3450.0
2017-12-11,3450.0
2017-12-12,3500.0
2017-12-13,3750.0
2017-12-14,3500.0
2017-12-15,3500.0
2017-12-16,3250.0
2017-12-17,3000.0
2017-12-18,3000.0
2017-12-19,3125.0
2017-12-20,3000.0
2017-12-21,3000.0
2017-12-22,2875.0
2017-12-23,2625.0
2017-12-24,2750.0
2017-12-25,2875.0
2017-12-26,3000.0
2017-12-27,3000.0
2017-12-28,3000.0
2017-12-29,3000.0
2017-12-30,3000.0
2017-12-31,3000.0
2018-01-01,3000.0
2018-01-02,3375.0
2018-01-03,3000.0
2018-01-04,3250.0
2018-01-05,3125.0
2018-01-06,3125.0
2018-01-07,3375.0
2018-01-08,3625.0
2018-01-09,3700.0
2018-01-10,3500.0
2018-01-11,3500.0
2018-01-12,3250.0
2018-01-13,3250.0
2018-01-14,3125.0
2018-01-15,3125.0
2018-01-16,3125.0
2018-01-17,3000.0
2018-01-18,3175.0
2018-01-19,3175.0
2018-01-20,3175.0
2018-01-21,3175.0
2018-01-22,3175.0
2018-01-23,3125.0
2018-01-24,3000.0
2018-01-25,3000.0
2018-01-26,2875.0
2018-01-27,2875.0
2018-01-28,2625.0
2018-01-29,2625.0
2018-01-30,2500.0
2018-01-31,2250.0
2018-02-01,2250.0
2018-02-02,2000.0
2018-02-03,2000.0
2018-02-04,1875.0
2018-02-05,1875.0
2018-02-06,2250.0
2018-02-07,2125.0
2018-02-08,1875.0
2018-02-09,1875.0
2018-02-10,1875.0
2018-02-11,2150.0
2018-02-12,2100.0
2018-02-13,1875.0
2018-02-14,2000.0
2018-02-15,1875.0
2018-02-16,1800.0
2018-02-17,1850.0
2018-02-18,1700.0
2018-02-19,1700.0
2018-02-20,1650.0
2018-02-21,1800.0
2018-02-22,1800.0
2018-02-23,1750.0
2018-02-24,1700.0
2018-02-25,1375.0
2018-02-26,1425.0
2018-02-27,1375.0
2018-02-28,1375.0
2018-03-01,1200.0
2018-03-02,1200.0
2018-03-03,1200.0
2018-03-04,1250.0
2018-03-05,1250.0
2018-03-06,1250.0
2018-03-07,1250.0
2018-03-08,1200.0
2018-03-09,1150.0
2018-03-10,1000.0
2018-03-11,950.0
2018-03-12,950.0
2018-03-13,950.0
2018-03-14,950.0
2018-03-15,900.0
2018-03-16,875.0
2018-03-17,875.0
2018-03-18,850.0
2018-03-19,850.0
2018-03-20,800.0
2018-03-21,700.0
2018-03-22,700.0
2018-03-23,700.0
2018-03-24,850.0
2018-03-25,925.0
2018-03-26,925.0
2018-03-27,925.0
2018-03-28,875.0
2018-03-29,825.0
2018-03-30,825.0
2018-03-31,825.0
2018-04-01,900.0
2018-04-02,850.0
2018-04-03,850.0
2018-04-04,850.0
2018-04-05,725.0
2018-04-06,725.0
2018-04-07,725.0
2018-04-08,650.0
2018-04-09,650.0
2018-04-10,650.0
2018-04-11,650.0
2018-04-12,625.0
2018-04-13,625.0
2018-04-14,600.0
2018-04-15,650.0
2018-04-16,650.0
2018-04-17,650.0
2018-04-18,650.0
2018-04-19,600.0
2018-04-20,625.0
2018-04-21,600.0
2018-04-22,633.3333333333334
2018-04-23,666.6666666666666
2018-04-24,700.0
2018-04-25,675.0
2018-04-26,675.0
2018-04-27,725.0
2018-04-28,700.0
2018-04-29,700.0
2018-04-30,700.0
2018-05-01,675.0
2018-05-02,675.0
2018-05-03,675.0
2018-05-04,750.0
2018-05-05,725.0
2018-05-06,725.0
2018-05-07,725.0
2018-05-08,700.0
2018-05-09,725.0
2018-05-10,800.0
2018-05-11,800.0
2018-05-12,725.0
2018-05-13,825.0
2018-05-14,875.0
2018-05-15,825.0
2018-05-16,800.0
2018-05-17,800.0
2018-05-18,825.0
2018-05-19,825.0
2018-05-20,750.0
2018-05-21,725.0
2018-05-22,725.0
2018-05-23,725.0
2018-05-24,725.0
2018-05-25,725.0
2018-05-26,725.0
2018-05-27,725.0
2018-05-28,725.0
2018-05-29,725.0
2018-05-30,725.0
2018-05-31,725.0
2018-06-01,725.0
2018-06-02,775.0
2018-06-03,975.0
2018-06-04,975.0
2018-06-05,975.0
2018-06-06,975.0
2018-06-07,975.0
2018-06-08,900.0
2018-06-09,912.5
2018-06-10,925.0
2018-06-11,925.0
2018-06-12,925.0
2018-06-13,925.0
2018-06-14,975.0
2018-06-15,1000.0
2018-06-16,1075.0
2018-06-17,1050.0
2018-06-18,1050.0
2018-06-19,1050.0
2018-06-20,1100.0
2018-06-21,1100.0
2018-06-22,1100.0
2018-06-23,1100.0
2018-06-24,1150.0
2018-06-25,1200.0
2018-06-26,1200.0
2018-06-27,1200.0
2018-06-28,1250.0
2018-06-29,1250.0
2018-06-30,1250.0
2018-07-01,1275.0
2018-07-02,1300.0
2018-07-03,1300.0
2018-07-04,1300.0
2018-07-05,1300.0
2018-07-06,1275.0
2018-07-07,1200.0
2018-07-08,1175.0
2018-07-09,1175.0
2018-07-10,1200.0
2018-07-11,1200.0
2018-07-12,1200.0
2018-07-13,1300.0
2018-07-14,1300.0
2018-07-15,1225.0
2018-07-16,1225.0
2018-07-17,1300.0
2018-07-18,1300.0
2018-07-19,1300.0
2018-07-20,1275.0
2018-07-21,1325.0
2018-07-22,1300.0
2018-07-23,1300.0
2018-07-24,1350.0
2018-07-25,1375.0
2018-07-26,1300.0
2018-07-27,1325.0
2018-07-28,1175.0
2018-07-29,1200.0
2018-07-30,1225.0
2018-07-31,1150.0
2018-08-01,1150.0
2018-08-02,1150.0
2018-08-03,1150.0
2018-08-04,1150.0
2018-08-05,1100.0
2018-08-06,1100.0
2018-08-07,1100.0
2018-08-08,1100.0
2018-08-09,1150.0
2018-08-10,1100.0
2018-08-11,1100.0
2018-08-12,1100.0
2018-08-13,1100.0
2018-08-14,900.0
2018-08-15,1100.0
2018-08-16,1050.0
2018-08-17,1075.0
2018-08-18,1075.0
2018-08-19,1075.0
2018-08-20,1075.0
2018-08-21,1150.0
2018-08-22,1150.0
2018-08-23,1150.0
2018-08-24,1150.0
2018-08-25,1125.0
2018-08-26,1062.5
2018-08-27,1000.0
2018-08-28,1000.0
2018-08-29,1000.0
2018-08-30,1000.0
2018-08-31,1075.0
2018-09-01,975.0
2018-09-02,1000.0
2018-09-03,1000.0
2018-09-04,1000.0
2018-09-05,1000.0
2018-09-06,1000.0
2018-09-07,950.0
2018-09-08,950.0
2018-09-09,950.0
2018-09-10,950.0
2018-09-11,950.0
2018-09-12,900.0
2018-09-13,900.0
2018-09-14,900.0
2018-09-15,900.0
2018-09-16,900.0
2018-09-17,900.0
2018-09-18,825.0
2018-09-19,825.0
2018-09-20,825.0
2018-09-21,875.0
2018-09-22,800.0
2018-09-23,800.0
2018-09-24,800.0
2018-09-25,875.0
2018-09-26,850.0
2018-09-27,850.0
2018-09-28,850.0
2018-09-29,850.0
2018-09-30,825.0
2018-10-01,850.0
2018-10-02,850.0
2018-10-03,825.0
2018-10-04,850.0
2018-10-05,850.0
2018-10-06,1000.0
2018-10-07,1000.0
2018-10-08,1000.0
2018-10-09,1000.0
2018-10-10,950.0
2018-10-11,950.0
2018-10-12,1200.0
2018-10-13,1200.0
2018-10-14,1150.0
2018-10-15,1200.0
2018-10-16,1550.0
2018-10-17,1550.0
2018-10-18,1750.0
2018-10-19,1950.0
2018-10-20,1950.0
2018-10-21,1675.0
2018-10-22,1675.0
2018-10-23,1675.0
2018-10-24,1750.0
2018-10-25,1750.0
2018-10-26,1725.0
2018-10-27,1550.0
2018-10-28,1500.0
2018-10-29,1500.0
2018-10-30,1500.0
2018-10-31,1500.0
2018-11-01,1500.0
2018-11-02,1475.0
2018-11-03,1475.0
2018-11-04,1450.0
2018-11-05,1450.0
2018-11-06,1450.0
2018-11-07,1440.0
2018-11-08,1430.0
2018-11-09,1420.0
2018-11-10,1410.0
2018-11-11,1400.0
2018-11-12,1325.0
2018-11-13,1350.0
2018-11-14,1325.0
2018-11-15,1325.0
2018-11-16,1250.0
2018-11-17,1250.0
2018-11-18,1175.0
2018-11-19,1175.0
2018-11-20,1275.0
2018-11-21,1325.0
2018-11-22,825.0
2018-11-23,875.0
2018-11-24,875.0
2018-11-25,850.0
2018-11-26,850.0
2018-11-27,850.0
2018-11-28,950.0
2018-11-29,950.0
2018-11-30,950.0
2018-12-01,925.0
2018-12-02,925.0
2018-12-03,925.0
2018-12-04,925.0
2018-12-05,975.0
2018-12-06,925.0
2018-12-07,925.0
2018-12-08,900.0
2018-12-09,925.0
2018-12-10,925.0
2018-12-11,925.0
2018-12-12,800.0
2018-12-13,800.0
2018-12-14,800.0
2018-12-15,800.0
2018-12-16,800.0
2018-12-17,800.0
2018-12-18,875.0
2018-12-19,875.0
2018-12-20,825.0
2018-12-21,825.0
2018-12-22,825.0
2018-12-23,750.0
2018-12-24,750.0
2018-12-25,750.0
2018-12-26,750.0
2018-12-27,650.0
2018-12-28,700.0
2018-12-29,650.0
2018-12-30,675.0
2018-12-31,675.0
2019-01-01,687.5
2019-01-02,700.0
2019-01-03,700.0
2019-01-04,675.0
2019-01-05,725.0
2019-01-06,775.0
2019-01-07,775.0
2019-01-08,650.0
2019-01-09,650.0
2019-01-10,650.0
2019-01-11,525.0
2019-01-12,525.0
2019-01-13,550.0
2019-01-14,541.6666666666666
2019-01-15,533.3333333333334
2019-01-16,525.0
2019-01-17,575.0
2019-01-18,550.0
2019-01-19,575.0
2019-01-20,600.0
2019-01-21,600.0
2019-01-22,600.0
2019-01-23,600.0
2019-01-24,575.0
2019-01-25,550.0
2019-01-26,545.0
2019-01-27,540.0
2019-01-28,535.0
2019-01-29,530.0
2019-01-30,525.0
2019-01-31,525.0
2019-02-01,525.0
2019-02-02,525.0
2019-02-03,550.0
2019-02-04,550.0
2019-02-05,550.0
2019-02-06,550.0
2019-02-07,550.0
2019-02-08,550.0
2019-02-09,550.0
2019-02-10,575.0
2019-02-11,575.0
2019-02-12,550.0
2019-02-13,550.0
2019-02-14,550.0
2019-02-15,500.0
2019-02-16,500.0
2019-02-17,500.0
2019-02-18,500.0
2019-02-19,550.0
2019-02-20,525.0
2019-02-21,525.0
2019-02-22,525.0
2019-02-23,550.0
2019-02-24,550.0
2019-02-25,550.0
2019-02-26,550.0
2019-02-27,575.0
2019-02-28,562.5
2019-03-01,550.0
2019-03-02,575.0
2019-03-03,575.0
2019-03-04,575.0
2019-03-05,575.0
2019-03-06,575.0
2019-03-07,575.0
2019-03-08,625.0
2019-03-09,625.0
2019-03-10,750.0
2019-03-11,800.0
2019-03-12,800.0
2019-03-13,800.0
2019-03-14,850.0
2019-03-15,850.0
2019-03-16,750.0
2019-03-17,800.0
2019-03-18,800.0
2019-03-19,800.0
2019-03-20,825.0
2019-03-21,825.0
2019-03-22,825.0
2019-03-23,825.0
2019-03-24,825.0
2019-03-25,825.0
2019-03-26,900.0
2019-03-27,950.0
2019-03-28,875.0
2019-03-29,925.0
2019-03-30,875.0
2019-03-31,775.0
2019-04-01,825.0
2019-04-02,700.0
2019-04-03,600.0
2019-04-04,600.0
2019-04-05,725.0
2019-04-06,725.0
2019-04-07,725.0
2019-04-08,725.0
2019-04-09,725.0
2019-04-10,725.0
2019-04-11,725.0
2019-04-12,725.0
2019-04-13,725.0
2019-04-14,800.0
2019-04-15,800.0
2019-04-16,800.0
2019-04-17,800.0
2019-04-18,850.0
2019-04-19,850.0
2019-04-20,850.0
2019-04-21,775.0
2019-04-22,775.0
2019-04-23,800.0
2019-04-24,825.0
2019-04-25,775.0
2019-04-26,775.0
2019-04-27,775.0
2019-04-28,850.0
2019-04-29,850.0
2019-04-30,825.0
2019-05-01,825.0
2019-05-02,800.0
2019-05-03,825.0
2019-05-04,825.0
2019-05-05,875.0
2019-05-06,875.0
2019-05-07,875.0
2019-05-08,875.0
2019-05-09,875.0
2019-05-10,825.0
2019-05-11,825.0
2019-05-12,825.0
2019-05-13,825.0
2019-05-14,775.0
2019-05-15,875.0
2019-05-16,875.0
2019-05-17,875.0
2019-05-18,875.0
2019-05-19,900.0
2019-05-20,900.0
2019-05-21,875.0
2019-05-22,875.0
2019-05-23,875.0
2019-05-24,875.0
2019-05-25,900.0
2019-05-26,900.0
2019-05-27,900.0
2019-05-28,900.0
2019-05-29,925.0
2019-05-30,925.0
2019-05-31,1100.0
2019-06-01,1100.0
2019-06-02,1200.0
2019-06-03,1225.0
2019-06-04,1250.0
2019-06-05,1200.0
2019-06-06,1200.0
2019-06-07,1200.0
2019-06-08,1175.0
2019-06-09,1225.0
2019-06-10,1225.0
2019-06-11,1225.0
2019-06-12,1225.0
2019-06-13,1275.0
2019-06-14,1275.0
2019-06-15,1300.0
2019-06-16,1300.0
2019-06-17,1300.0
2019-06-18,1300.0
2019-06-19,1300.0
2019-06-20,1275.0
2019-06-21,1300.0
2019-06-22,1250.0
2019-06-23,1250.0
2019-06-24,1250.0
2019-06-25,1200.0
2019-06-26,1200.0
2019-06-27,1325.0
2019-06-28,1325.0
2019-06-29,1275.0
2019-06-30,1225.0
2019-07-01,1225.0
2019-07-02,1225.0
2019-07-03,1225.0
2019-07-04,1250.0
2019-07-05,1250.0
2019-07-06,1300.0
2019-07-07,1350.0
2019-07-08,1350.0
2019-07-09,1275.0
2019-07-10,1275.0
2019-07-11,1200.0
2019-07-12,1225.0
2019-07-13,1250.0
2019-07-14,1275.0
2019-07-15,1275.0
2019-07-16,1275.0
2019-07-17,1200.0
2019-07-18,1275.0
2019-07-19,1275.0
2019-07-20,1225.0
2019-07-21,1225.0
2019-07-22,1225.0
2019-07-23,1250.0
2019-07-24,1250.0
2019-07-25,1250.0
2019-07-26,1250.0
2019-07-27,1250.0
2019-07-28,1241.6666666666667
2019-07-29,1233.3333333333333
2019-07-30,1225.0
2019-07-31,1325.0
2019-08-01,1325.0
2019-08-02,1275.0
2019-08-03,1375.0
2019-08-04,1275.0
2019-08-05,1275.0
2019-08-06,1300.0
2019-08-07,1300.0
2019-08-08,1350.0
2019-08-09,1350.0
2019-08-10,1375.0
2019-08-11,1400.0
2019-08-12,1400.0
2019-08-13,1400.0
2019-08-14,1550.0
2019-08-15,1550.0
2019-08-16,1550.0
2019-08-17,1662.5
2019-08-18,1775.0
2019-08-19,1775.0
2019-08-20,1775.0
2019-08-21,1850.0
2019-08-22,1850.0
2019-08-23,2275.0
2019-08-24,2175.0
2019-08-25,2075.0
2019-08-26,2075.0
2019-08-27,2075.0
2019-08-28,2150.0
2019-08-29,2125.0
2019-08-30,2500.0
2019-08-31,2566.6666666666665
2019-09-01,2633.3333333333335
2019-09-02,2700.0
2019-09-03,2700.0
2019-09-04,2700.0
2019-09-05,2575.0
2019-09-06,2575.0
2019-09-07,2450.0
2019-09-08,2325.0
2019-09-09,2325.0
2019-09-10,2325.0
2019-09-11,2400.0
2019-09-12,2575.0
2019-09-13,2575.0
2019-09-14,2575.0
2019-09-15,3000.0
2019-09-16,3000.0
2019-09-17,3050.0
2019-09-18,3069.6428571428573
2019-09-19,3089.285714285714
2019-09-20,3108.9285714285716
2019-09-21,3128.5714285714284
2019-09-22,3148.214285714286
2019-09-23,3167.8571428571427
2019-09-24,3187.5
2019-09-25,3207.1428571428573
2019-09-26,3226.785714285714
2019-09-27,3246.4285714285716
2019-09-28,3266.0714285714284
2019-09-29,3285.714285714286
2019-09-30,3305.3571428571427
2019-10-01,3325.0
2019-10-02,3250.0
2019-10-03,3250.0
2019-10-04,3025.0
2019-10-05,2875.0
2019-10-06,2875.0
2019-10-07,2925.0
2019-10-08,3125.0
2019-10-09,3125.0
2019-10-10,3500.0
2019-10-11,3375.0
2019-10-12,3250.0
2019-10-13,3250.0
2019-10-14,3250.0
2019-10-15,3000.0
2019-10-16,2925.0
2019-10-17,2875.0
2019-10-18,2875.0
2019-10-19,2475.0
2019-10-20,2625.0
2019-10-21,2575.0
2019-10-22,2500.0
2019-10-23,3500.0
2019-10-24,3375.0
2019-10-25,3437.5
2019-10-26,3500.0
2019-10-27,3520.8333333333335
2019-10-28,3541.6666666666665
2019-10-29,3562.5
2019-10-30,3583.3333333333335
2019-10-31,3604.1666666666665
2019-11-01,3625.0
2019-11-02,3750.0
2019-11-03,4125.0
2019-11-04,4500.0
2019-11-05,4500.0
2019-11-06,4250.0
2019-11-07,4250.0
2019-11-08,4125.0
2019-11-09,4125.0
2019-11-10,4125.0
2019-11-11,4125.0
2019-11-12,3750.0
2019-11-13,4000.0
2019-11-14,4125.0
2019-11-15,3625.0
2019-11-16,3700.0
2019-11-17,3725.0
2019-11-18,3750.0
2019-11-19,3750.0
2019-11-20,4125.0
2019-11-21,4116.477272727273
2019-11-22,4107.954545454545
2019-11-23,4099.431818181818
2019-11-24,4090.909090909091
2019-11-25,4082.3863636363635
2019-11-26,4073.8636363636365
2019-11-27,4065.340909090909
2019-11-28,4056.818181818182
2019-11-29,4048.2954545454545
2019-11-30,4039.7727272727275
2019-12-01,4031.25
2019-12-02,4022.7272727272725
2019-12-03,4014.2045454545455
2019-12-04,4005.681818181818
2019-12-05,3997.159090909091
2019-12-06,3988.6363636363635
2019-12-07,3980.1136363636365
2019-12-08,3971.590909090909
2019-12-09,3963.068181818182
2019-12-10,3954.5454545454545
2019-12-11,3946.022727272727
2019-12-12,3937.5
2019-12-13,3928.9772727272725
2019-12-14,3920.4545454545455
2019-12-15,3911.931818181818
2019-12-16,3903.409090909091
2019-12-17,3894.8863636363635
2019-12-18,3886.3636363636365
2019-12-19,3877.840909090909
2019-12-20,3869.318181818182
2019-12-21,3860.7954545454545
2019-12-22,3852.272727272727
2019-12-23,3843.75
2019-12-24,3835.2272727272725
2019-12-25,3826.7045454545455
2019-12-26,3818.181818181818
2019-12-27,3809.659090909091
2019-12-28,3801.1363636363635
2019-12-29,3792.6136363636365
2019-12-30,3784.090909090909
2019-12-31,3775.568181818182
2020-01-01,3767.0454545454545
2020-01-02,3758.522727272727
2020-01-03,3750.0
2020-01-04,3625.0
2020-01-05,3625.0
2020-01-06,3875.0
2020-01-07,3500.0
2020-01-08,4000.0
2020-01-09,3875.0
2020-01-10,3750.0
2020-01-11,3500.0
2020-01-12,3250.0
2020-01-13,3000.0
2020-01-14,3000.0
2020-01-15,3000.0
2020-01-16,3375.0
2020-01-17,3375.0
2020-01-18,3500.0
2020-01-19,3375.0
2020-01-20,3500.0
2020-01-21,4000.0
2020-01-22,3625.0
2020-01-23,3375.0
2020-01-24,3000.0
2020-01-25,3000.0
2020-01-26,2875.0
2020-01-27,2750.0
2020-01-28,2375.0
2020-01-29,2500.0
2020-01-30,2500.0
2020-01-31,2150.0
2020-02-01,2100.0
2020-02-02,2050.0
2020-02-03,2050.0
2020-02-04,2000.0
2020-02-05,1925.0
2020-02-06,1750.0
2020-02-07,1687.5
2020-02-08,1625.0
2020-02-09,1750.0
2020-02-10,1875.0
2020-02-11,2000.0
2020-02-12,1750.0
2020-02-13,2125.0
2020-02-14,1875.0
2020-02-15,1800.0
2020-02-16,1975.0
2020-02-17,2000.0
2020-02-18,1875.0
2020-02-19,2125.0
2020-02-20,1800.0
2020-02-21,1875.0
2020-02-22,1875.0
2020-02-23,1875.0
2020-02-24,1875.0
2020-02-25,1875.0
2020-02-26,1875.0
2020-02-27,1750.0
2020-02-28,1750.0
2020-02-29,1750.0
2020-03-01,1718.75
2020-03-02,1687.5
2020-03-03,1656.25
2020-03-04,1625.0
2020-03-05,1575.0
2020-03-06,1675.0
2020-03-07,1675.0
2020-03-08,1675.0
2020-03-09,1675.0
2020-03-10,1700.0
2020-03-11,1725.0
2020-03-12,1750.0
2020-03-13,1675.0
2020-03-14,1625.0
2020-03-15,1625.0
2020-03-16,1625.0
2020-03-17,1625.0
2020-03-18,1500.0
2020-03-19,1250.0
2020-03-20,1275.0
2020-03-21,1325.0
2020-03-22,1400.0
2020-03-23,1475.0
2020-03-24,1550.0
2020-03-25,1631.25
2020-03-26,1712.5
2020-03-27,1793.75
2020-03-28,1875.0
2020-03-29,1750.0
2020-03-30,1725.0
2020-03-31,1625.0
2020-04-01,1577.7777777777778
2020-04-02,1530.5555555555557
2020-04-03,1483.3333333333333
2020-04-04,1436.111111111111
2020-04-05,1388.888888888889
2020-04-06,1341.6666666666667
2020-04-07,1294.4444444444443
2020-04-08,1247.2222222222222
2020-04-09,1200.0
2020-04-10,1100.0
2020-04-11,1150.0
2020-04-12,1200.0
2020-04-13,1137.5
2020-04-14,1075.0
2020-04-15,1050.0
2020-04-16,950.0
2020-04-17,1000.0
2020-04-18,1050.0
2020-04-19,825.0
2020-04-20,875.0
2020-04-21,850.0
2020-04-22,775.0
2020-04-23,825.0
2020-04-24,800.0
2020-04-25,800.0
2020-04-26,850.0
2020-04-27,875.0
2020-04-28,850.0
2020-04-29,875.0
2020-04-30,800.0
2020-05-01,805.0
2020-05-02,810.0
2020-05-03,815.0
2020-05-04,820.0
2020-05-05,825.0
2020-05-06,725.0
2020-05-07,725.0
2020-05-08,754.1666666666666
2020-05-09,783.3333333333334
2020-05-10,812.5
2020-05-11,841.6666666666666
2020-05-12,870.8333333333334
2020-05-13,900.0
2020-05-14,875.0
2020-05-15,850.0
2020-05-16,850.0
2020-05-17,875.0
2020-05-18,850.0
2020-05-19,800.0
2020-05-20,825.0
2020-05-21,825.0
2020-05-22,850.0
2020-05-23,837.0
2020-05-24,887.0
2020-05-25,850.0
2020-05-26,875.0
2020-05-27,900.0
2020-05-28,875.0
2020-05-29,775.0
2020-05-30,775.0
2020-05-31,975.0
2020-06-01,956.25
2020-06-02,937.5
2020-06-03,918.75
2020-06-04,900.0
2020-06-05,825.0
2020-06-06,850.0
2020-06-07,900.0
2020-06-08,1125.0
2020-06-09,1050.0
2020-06-10,975.0
2020-06-11,925.0
2020-06-12,925.0
2020-06-13,912.5
2020-06-14,900.0
2020-06-15,925.0
2020-06-16,925.0
2020-06-17,975.0
2020-06-18,975.0
2020-06-19,975.0
2020-06-20,925.0
2020-06-21,937.5
2020-06-22,950.0
2020-06-23,962.5
2020-06-24,975.0
2020-06-25,925.0
2020-06-26,975.0
2020-06-27,972.5
2020-06-28,970.0
2020-06-29,967.5
2020-06-30,965.0
2020-07-01,962.5
2020-07-02,960.0
2020-07-03,957.5
2020-07-04,955.0
2020-07-05,952.5
2020-07-06,950.0
2020-07-07,925.0
2020-07-08,925.0
2020-07-09,900.0
2020-07-10,925.0
2020-07-11,925.0
2020-07-12,933.3333333333334
2020-07-13,941.6666666666666
2020-07-14,950.0
2020-07-15,950.0
2020-07-16,950.0
2020-07-17,925.0
2020-07-18,950.0
2020-07-19,916.6666666666666
2020-07-20,883.3333333333334
2020-07-21,850.0
2020-07-22,825.0
2020-07-23,825.0
2020-07-24,850.0
2020-07-25,841.6666666666666
2020-07-26,833.3333333333334
2020-07-27,825.0
2020-07-28,900.0
2020-07-29,800.0
2020-07-30,750.0
2020-07-31,750.0
2020-08-01,761.1111111111111
2020-08-02,772.2222222222222
2020-08-03,783.3333333333334
2020-08-04,794.4444444444445
2020-08-05,805.5555555555555
2020-08-06,816.6666666666666
2020-08-07,827.7777777777778
2020-08-08,838.8888888888889
2020-08-09,850.0
2020-08-10,825.0
2020-08-11,900.0
2020-08-12,937.5
2020-08-13,975.0
2020-08-14,925.0
2020-08-15,1016.6666666666666
2020-08-16,1108.3333333333333
2020-08-17,1200.0
2020-08-18,1300.0
2020-08-19,1375.0
2020-08-20,1575.0
2020-08-21,1450.0
2020-08-22,1466.6666666666667
2020-08-23,1483.3333333333333
2020-08-24,1500.0
2020-08-25,1450.0
2020-08-26,1450.0
2020-08-27,1650.0
2020-08-28,1600.0
2020-08-29,1550.0
2020-08-30,1587.5
2020-08-31,1625.0
